user_id,recommended_movies
143,"[1947, 2020, 1086, 1380, 1438, 1200, 1042, 3408, 3275, 3476]"
182,"[3275, 1610, 2167, 2527, 3471, 2706, 551, 4878, 1267, 928]"
212,"[420, 832, 2527, 1188, 3039, 6502, 491, 2245, 994, 3052]"
215,"[1061, 832, 2100, 1590, 2193, 1957, 2527, 1947, 3275, 1271]"
276,"[4310, 2384, 6539, 361, 994, 3969, 3396, 475, 745, 2394]"
289,"[2, 838, 928, 1356, 2100, 1590, 1405, 1302, 3785, 4878]"
426,"[2527, 2890, 1680, 1267, 1188, 2918, 3039, 3275, 383, 1212]"
533,"[1957, 6934, 928, 954, 3785, 2100, 8798, 1590, 1405, 1982]"
1174,"[1267, 2384, 266, 1405, 3396, 6188, 838, 3555, 4638, 920]"
1224,"[994, 2384, 6188, 2485, 2455, 2273, 4310, 361, 1982, 1885]"
1288,"[2, 308, 3893, 1405, 266, 954, 1302, 838, 1921, 933]"
1302,"[3354, 538, 3740, 1965, 2918, 3396, 4447, 2080, 1267, 165]"
1377,"[1188, 420, 2527, 3039, 1682, 491, 832, 3052, 3275, 6502]"
1408,"[954, 6934, 3745, 5, 1274, 1267, 382, 786, 2273, 2707]"
1724,"[1356, 1061, 1590, 4310, 1405, 2944, 2245, 2384, 3275, 3039]"
1786,"[2167, 3148, 1356, 551, 1590, 4011, 1982, 1188, 151, 2420]"
1860,"[838, 266, 3555, 3396, 1296, 6188, 6934, 5459, 3911, 1591]"
1918,"[319, 4447, 1608, 1676, 2080, 1380, 5952, 45722, 2664, 4019]"
2134,"[1061, 1590, 420, 3148, 832, 1356, 2167, 1188, 2100, 2527]"
2204,"[5, 4310, 1982, 3354, 673, 2080, 361, 3108, 319, 2355]"
2233,"[3893, 308, 5377, 1042, 6934, 3785, 4963, 3745, 1197, 2420]"
2385,"[1405, 266, 838, 3911, 1296, 5459, 1591, 2369, 3555, 1391]"
2596,"[954, 2420, 3020, 6934, 1947, 2085, 5377, 1438, 1957, 3745]"
2765,"[308, 3745, 1405, 954, 266, 2707, 743, 5, 247, 1274]"
2852,"[2918, 1188, 1947, 1682, 2890, 420, 3039, 2527, 491, 832]"
3022,"[1405, 3863, 266, 1591, 44191, 1296, 920, 748, 2420, 3911]"
3057,"[3052, 1982, 994, 2020, 1019, 745, 1885, 361, 364, 3396]"
3089,"[3275, 4878, 151, 1188, 491, 1610, 1061, 420, 2167, 2706]"
3149,"[2599, 2707, 1047, 165, 1923, 2826, 3994, 2134, 919, 2528]"
3171,"[6934, 5459, 954, 3396, 1405, 266, 376, 838, 1263, 3555]"
3174,"[1276, 2, 1405, 266, 3911, 2968, 308, 928, 4638, 376]"
3219,"[151, 3785, 1267, 928, 1610, 2167, 5377, 1356, 2012, 4963]"
3220,"[908, 928, 2100, 1894, 2193, 1590, 420, 3911, 4638, 2167]"
3301,"[2918, 319, 4310, 1982, 1212, 2405, 6539, 3052, 383, 3396]"
3476,"[1356, 5989, 1267, 2005, 1441, 1982, 994, 838, 1212, 420]"
3646,"[3275, 1680, 1188, 1982, 3039, 420, 832, 1682, 2890, 2527]"
3784,"[6502, 420, 3052, 1028, 1188, 2527, 2871, 5015, 203, 1]"
3793,"[838, 2, 928, 1276, 1405, 4638, 266, 3911, 3555, 261]"
3795,"[318, 1610, 1438, 3785, 880, 1380, 151, 491, 2167, 3020]"
3810,"[355, 1982, 1894, 34162, 3039, 41, 5989, 4643, 2527, 2871]"
3817,"[6188, 6377, 920, 1371, 8636, 3527, 2640, 1885, 2485, 1296]"
3991,"[2918, 1965, 2405, 515, 5, 3785, 1254, 2420, 1212, 2890]"
4078,"[1188, 420, 2527, 2890, 2918, 3039, 832, 1680, 491, 2245]"
4129,"[2100, 838, 1957, 2, 1061, 1590, 371, 420, 1271, 1894]"
4229,"[1957, 3785, 6934, 3148, 838, 1267, 928, 2167, 1956, 376]"
4368,"[6934, 2, 1957, 954, 1405, 266, 5459, 1302, 2085, 1921]"
4513,"[420, 3039, 1188, 6502, 383, 832, 994, 1680, 2918, 1682]"
4523,"[3911, 928, 4963, 4638, 6934, 5989, 2, 4361, 1982, 954]"
4538,"[5989, 4011, 1267, 1569, 928, 317, 4963, 412, 1405, 1982]"
4598,"[1188, 3275, 420, 2527, 832, 3039, 1061, 4878, 2245, 491]"
4612,"[4878, 1188, 1947, 1682, 491, 1061, 151, 1610, 3471, 420]"
4783,"[1188, 2527, 420, 3275, 3039, 1682, 832, 2245, 2918, 1680]"
4827,"[5989, 48394, 4011, 1356, 34162, 355, 838, 1267, 4638, 2273]"
5039,"[3863, 920, 6188, 6377, 2355, 2371, 485, 2707, 5013, 1589]"
5085,"[4310, 2918, 383, 1267, 5, 3148, 2005, 1212, 6539, 34162]"
5129,"[266, 954, 5, 1267, 247, 838, 3273, 1274, 2, 2384]"
5134,"[2527, 420, 383, 1680, 832, 34162, 1982, 2245, 3052, 1356]"
5168,"[3275, 832, 420, 2527, 1188, 1682, 1356, 2100, 4878, 2245]"
5262,"[2167, 1267, 3148, 1188, 1212, 318, 1356, 3408, 151, 551]"
5328,"[1267, 1212, 2918, 5989, 3785, 1356, 2005, 2245, 151, 1441]"
5678,"[1188, 1212, 2527, 48780, 383, 1356, 1267, 3785, 3275, 2167]"
5711,"[671, 538, 3148, 3052, 6502, 3354, 2581, 4447, 203, 1947]"
5779,"[3275, 1356, 1267, 2527, 1610, 420, 832, 2100, 2167, 928]"
5794,"[1957, 1947, 420, 2193, 4878, 908, 491, 2427, 1357, 1682]"
5829,"[1441, 2918, 1188, 2245, 30707, 2405, 420, 3471, 1097, 2890]"
5913,"[2664, 3863, 1267, 1405, 8636, 5, 6188, 3745, 954, 6934]"
5917,"[1356, 151, 2706, 1188, 3275, 1918, 5989, 2245, 3253, 383]"
5939,"[1267, 1212, 2384, 1356, 5, 2005, 2918, 4310, 317, 454]"
5955,"[3785, 2167, 540, 3408, 1957, 1610, 5377, 928, 151, 4447]"
6014,"[3275, 1680, 1188, 420, 383, 2527, 994, 1682, 832, 2245]"
6018,"[838, 2, 1356, 1405, 928, 266, 4878, 1061, 2100, 1590]"
6161,"[1982, 5989, 1212, 151, 2005, 1188, 2890, 1590, 4310, 1441]"
6352,"[45722, 376, 1591, 2369, 3911, 273, 1302, 919, 954, 8636]"
6393,"[420, 671, 1947, 1188, 3039, 491, 538, 3148, 2471, 164]"
6443,"[2167, 1957, 3785, 922, 4878, 1061, 144, 908, 3408, 3148]"
6477,"[838, 2, 928, 1957, 3785, 6934, 4963, 4979, 1405, 2167]"
6508,"[671, 1676, 3354, 1965, 538, 165, 382, 3176, 2371, 4447]"
6550,"[838, 928, 1267, 6934, 3785, 1405, 4963, 3911, 266, 376]"
6678,"[1356, 5989, 2005, 1441, 2245, 4011, 1590, 4638, 2384, 1405]"
6757,"[1356, 2918, 3275, 1680, 2706, 4310, 1188, 383, 4011, 1982]"
6845,"[1267, 838, 1405, 3396, 928, 266, 6934, 3555, 2085, 4011]"
6890,"[6502, 2455, 3052, 1028, 994, 420, 5015, 2916, 3039, 2944]"
6971,"[308, 2, 1921, 266, 3911, 1405, 376, 954, 1276, 3745]"
6992,"[3863, 2664, 920, 2355, 1254, 2371, 3176, 3386, 1591, 216]"
7078,"[1957, 2, 4878, 1061, 1590, 2100, 838, 371, 922, 1302]"
7181,"[2, 954, 838, 6934, 1061, 1302, 8798, 832, 3911, 4878]"
7304,"[5459, 1625, 2707, 6934, 3745, 3863, 1275, 39, 1962, 1100]"
7461,"[1197, 3863, 1591, 160, 4447, 319, 920, 45722, 743, 1639]"
7471,"[838, 2, 1302, 4011, 1405, 5989, 1407, 266, 928, 1356]"
7587,"[3785, 1957, 954, 1061, 832, 1610, 2167, 1947, 3408, 420]"
7612,"[1982, 1356, 3148, 3052, 1267, 4310, 1590, 1061, 1188, 551]"
7707,"[1356, 151, 2420, 954, 1405, 928, 4963, 2, 266, 1212]"
7711,"[1086, 2826, 95, 3087, 355, 34162, 41, 1923, 145, 2707]"
7727,"[838, 922, 2, 3893, 371, 376, 4878, 1994, 1405, 6934]"
7774,"[376, 838, 1276, 308, 3911, 928, 3785, 3893, 1405, 1921]"
7795,"[1982, 1590, 1356, 5989, 1061, 2005, 3148, 2, 1894, 355]"
8031,"[3911, 6934, 1921, 308, 376, 1405, 3745, 954, 4638, 6377]"
8114,"[1356, 1441, 2918, 2005, 317, 838, 3160, 2273, 2405, 1590]"
8173,"[420, 3471, 1590, 1188, 2706, 1061, 2100, 1982, 3148, 3275]"
8265,"[3785, 928, 2527, 1441, 838, 2245, 832, 420, 4878, 151]"
8275,"[838, 1982, 1590, 1356, 3148, 1061, 2085, 1957, 2005, 1405]"
8338,"[838, 928, 2, 1356, 1405, 3911, 1957, 266, 2167, 4963]"
8352,"[1267, 319, 3396, 4310, 7373, 1982, 3160, 6539, 3354, 6188]"
8395,"[420, 3275, 1356, 832, 1982, 2527, 1590, 1061, 2245, 2100]"
8604,"[18, 33679, 4299, 1732, 3489, 1073, 361, 8636, 2005, 594]"
8651,"[1885, 1019, 329, 2134, 361, 3948, 2087, 2371, 2455, 1371]"
8676,"[6934, 3911, 5459, 376, 4638, 266, 1405, 1276, 1267, 1296]"
8734,"[1267, 1356, 1212, 4011, 1982, 1441, 5989, 2405, 2420, 1918]"
8740,"[266, 1405, 308, 3863, 920, 1591, 3911, 1296, 2968, 3893]"
8811,"[1405, 266, 3863, 920, 1591, 6377, 2707, 247, 1302, 8636]"
8849,"[266, 1405, 3863, 8636, 2968, 1591, 6377, 2707, 1302, 1608]"
8867,"[3275, 1188, 2706, 2890, 2918, 1680, 1441, 2527, 2245, 420]"
8875,"[2918, 151, 1356, 5989, 2005, 1188, 383, 1680, 2706, 3253]"
8892,"[3275, 1188, 2706, 491, 2100, 2527, 587, 1441, 355, 3039]"
8930,"[1020, 4643, 41, 2599, 1250, 2302, 355, 2134, 1086, 2020]"
9060,"[160, 2420, 5, 1302, 7254, 914, 743, 19, 5377, 673]"
9117,"[540, 3785, 3408, 788, 1965, 1608, 2642, 1212, 319, 2167]"
9139,"[151, 3275, 1188, 3785, 1441, 3253, 2527, 1680, 1049, 2167]"
9181,"[6502, 420, 1028, 5015, 203, 671, 1188, 164, 2871, 2527]"
9196,"[2085, 838, 376, 1956, 3317, 3555, 6934, 1591, 34048, 4447]"
9212,"[5989, 1356, 2005, 2918, 1267, 2890, 4310, 383, 2245, 1680]"
9355,"[1957, 4878, 3785, 58, 838, 922, 908, 928, 1610, 954]"
9469,"[838, 376, 3785, 928, 2, 1591, 1405, 1267, 266, 3555]"
9522,"[420, 6502, 1188, 203, 3148, 383, 2871, 355, 2455, 1947]"
9531,"[3785, 1267, 5377, 1591, 6934, 540, 2664, 928, 3254, 376]"
9554,"[3863, 266, 6934, 954, 1591, 3745, 44191, 836, 1296, 273]"
9595,"[2005, 1356, 1441, 355, 3275, 1049, 1212, 34162, 2890, 1267]"
9809,"[838, 928, 5989, 1267, 2005, 1441, 1590, 4011, 2245, 3275]"
9819,"[2918, 1918, 4310, 319, 2420, 4011, 2944, 1982, 1212, 2405]"
9922,"[151, 3275, 420, 1441, 2918, 1947, 2167, 2527, 3253, 3785]"
9939,"[1894, 2871, 355, 6539, 5015, 908, 6807, 5989, 420, 34162]"
10051,"[838, 2, 3911, 6934, 4963, 928, 954, 376, 1405, 266]"
10171,"[838, 1957, 2100, 4878, 2, 1356, 6934, 420, 1590, 1405]"
10368,"[1188, 4878, 1610, 1267, 151, 1197, 420, 2167, 1356, 491]"
10516,"[1947, 908, 420, 5816, 491, 1188, 922, 1380, 3101, 1357]"
10636,"[1212, 3785, 1441, 151, 1188, 1982, 420, 3275, 1610, 928]"
10680,"[420, 2527, 3039, 832, 1188, 2890, 1680, 355, 3275, 491]"
10715,"[420, 1188, 2527, 832, 2918, 3039, 491, 2245, 1267, 1680]"
10759,"[1387, 1080, 4011, 1405, 4310, 2420, 1982, 1249, 1590, 4979]"
10846,"[1957, 3148, 4447, 1061, 48516, 2420, 1590, 3354, 1302, 3408]"
10858,"[1356, 928, 1405, 1590, 266, 2, 2005, 1441, 355, 1061]"
11050,"[1982, 420, 832, 3275, 3039, 1080, 1590, 1356, 1387, 1188]"
11157,"[1356, 2890, 151, 1212, 1267, 3275, 5989, 2706, 2005, 4011]"
11434,"[3275, 3039, 1188, 1680, 2527, 420, 1356, 383, 355, 1682]"
11514,"[838, 928, 2, 1356, 1405, 266, 1957, 1267, 3911, 2100]"
11606,"[1356, 1982, 1405, 266, 1441, 2384, 319, 928, 2245, 838]"
11646,"[1267, 5989, 2005, 1441, 1212, 2245, 2384, 4011, 34162, 2890]"
11681,"[1947, 1380, 319, 2420, 1254, 3785, 1610, 748, 3826, 1267]"
11760,"[266, 1405, 3893, 308, 3911, 1591, 6934, 2, 376, 3555]"
11898,"[420, 6502, 1188, 164, 2527, 3052, 671, 1947, 538, 1028]"
12012,"[1188, 2527, 420, 3275, 1680, 1682, 383, 491, 866, 1267]"
12089,"[2485, 1267, 2384, 4638, 6947, 838, 6539, 2273, 6188, 5989]"
12125,"[1267, 2384, 3396, 6188, 2273, 6539, 1212, 1441, 8636, 994]"
12138,"[1188, 420, 1441, 3275, 1267, 2527, 2245, 151, 1610, 2706]"
12248,"[3275, 1441, 1680, 1267, 1188, 2245, 1049, 383, 420, 151]"
12296,"[420, 1441, 3471, 2527, 2424, 1610, 589, 3052, 562, 6502]"
12309,"[1957, 954, 2, 3476, 838, 8798, 3911, 928, 376, 1387]"
12367,"[1394, 4447, 2085, 3176, 671, 1676, 3386, 3354, 1, 585]"
12377,"[2890, 1188, 383, 1680, 3039, 2527, 3275, 420, 1356, 1982]"
12394,"[838, 2100, 420, 355, 1590, 3275, 48394, 1441, 2706, 1049]"
12644,"[928, 2167, 4878, 1957, 3785, 1956, 2193, 1267, 420, 1271]"
12660,"[1982, 3275, 3039, 420, 1080, 355, 2527, 34162, 6502, 1028]"
12671,"[2918, 1188, 420, 1947, 3039, 2527, 2890, 491, 383, 832]"
12759,"[3785, 928, 1267, 1212, 838, 6934, 3476, 151, 2, 540]"
12771,"[5, 2664, 3745, 954, 2707, 2355, 1608, 1254, 2405, 3863]"
12791,"[1441, 4638, 2273, 5989, 2710, 1249, 1982, 1962, 838, 3911]"
12946,"[838, 4638, 1276, 1405, 5459, 266, 1625, 412, 2, 1047]"
12995,"[838, 1405, 266, 928, 6934, 2, 3555, 4963, 4638, 3893]"
13122,"[3275, 1188, 420, 2527, 3039, 1028, 355, 589, 1682, 3052]"
13300,"[1267, 3396, 3160, 6188, 5989, 1212, 1982, 3354, 319, 2005]"
13372,"[1441, 1356, 1680, 2405, 383, 48780, 3275, 2527, 2245, 5]"
13418,"[838, 1267, 1356, 928, 2100, 2245, 1590, 1957, 1982, 4878]"
13577,"[3275, 1441, 2706, 1188, 4011, 420, 1049, 2944, 355, 5989]"
13614,"[2, 308, 3785, 3745, 1921, 4963, 1302, 3911, 3476, 1405]"
13635,"[420, 908, 1957, 928, 838, 2167, 1894, 2527, 1271, 1188]"
13669,"[838, 928, 1957, 3911, 4638, 376, 2, 6934, 34048, 1271]"
13701,"[838, 1405, 266, 1591, 2, 1296, 376, 928, 1222, 6934]"
13716,"[6934, 1387, 3148, 3396, 1267, 1957, 2420, 2085, 1080, 3354]"
13841,"[266, 838, 1276, 2, 6934, 3893, 928, 376, 4638, 5459]"
13867,"[1188, 2527, 420, 491, 832, 589, 3039, 880, 1682, 4878]"
13876,"[420, 2193, 1957, 2871, 2424, 2527, 908, 1894, 6502, 5015]"
13900,"[1391, 4995, 1244, 1020, 2826, 1885, 4018, 4643, 3911, 1047]"
13912,"[6934, 4963, 376, 838, 4979, 5459, 954, 3745, 3911, 308]"
14076,"[3893, 928, 3785, 838, 1405, 266, 922, 2, 6934, 1591]"
14094,"[1197, 4447, 5377, 1591, 2405, 2355, 1676, 2420, 3863, 2371]"
14134,"[838, 2, 1405, 266, 3893, 1276, 4963, 933, 308, 1569]"
14463,"[6188, 8636, 2664, 266, 1591, 1405, 44191, 6934, 1267, 160]"
14474,"[6934, 954, 266, 838, 376, 1302, 1591, 585, 1957, 5459]"
14490,"[838, 928, 2, 2100, 908, 4963, 58, 1957, 1552, 4361]"
14508,"[1188, 420, 2706, 2944, 4011, 3275, 1982, 356, 1918, 355]"
14578,"[1608, 33679, 3510, 19, 1965, 4128, 743, 5, 194, 1569]"
14653,"[3148, 671, 538, 1957, 420, 3408, 3354, 2420, 1, 2085]"
14716,"[1947, 1188, 319, 151, 1267, 1356, 1380, 3471, 551, 2167]"
14774,"[319, 1267, 2405, 2664, 2797, 1254, 788, 3176, 1608, 3826]"
14921,"[151, 1610, 3785, 2527, 3275, 48780, 2167, 1356, 2706, 1552]"
15048,"[5989, 3039, 355, 420, 2005, 1982, 34162, 6502, 383, 4011]"
15061,"[4310, 3396, 2087, 361, 8636, 6539, 6188, 2384, 5, 3354]"
15224,"[1591, 3176, 585, 3386, 1296, 216, 920, 5377, 3354, 6188]"
15283,"[2420, 3020, 1254, 3785, 1438, 748, 3148, 420, 30707, 1042]"
15558,"[420, 3275, 2527, 1441, 2871, 2245, 2424, 1267, 2706, 832]"
15619,"[2100, 420, 838, 928, 355, 908, 3275, 1894, 2527, 5989]"
15714,"[1947, 922, 1438, 3101, 5816, 491, 4878, 1380, 3408, 908]"
15722,"[1267, 5, 383, 34162, 1080, 1212, 1680, 562, 1188, 2890]"
15739,"[838, 5989, 928, 2005, 4638, 1183, 355, 4361, 1894, 2]"
16003,"[420, 1918, 562, 2405, 2020, 3275, 2890, 589, 2871, 5377]"
16004,"[41, 1982, 361, 1244, 1391, 2020, 1885, 2640, 1371, 1027]"
16013,"[2012, 933, 3893, 2804, 1968, 11, 928, 551, 2167, 5377]"
16133,"[3893, 922, 1438, 4878, 491, 3101, 1042, 1610, 1061, 58]"
16227,"[5377, 551, 3893, 3275, 2012, 933, 1380, 2804, 1610, 1441]"
16321,"[838, 2100, 928, 908, 2, 1957, 1356, 1590, 1894, 420]"
16453,"[2707, 8636, 1263, 2371, 6377, 3994, 585, 2355, 2640, 924]"
16458,"[1267, 2918, 1441, 5989, 1965, 1918, 2005, 2890, 151, 2664]"
16488,"[151, 2167, 3785, 5377, 551, 2420, 1380, 928, 3408, 4963]"
16564,"[1982, 838, 1590, 3396, 1061, 1405, 4310, 1356, 2710, 2944]"
16566,"[832, 420, 2245, 1267, 1188, 3039, 994, 491, 6502, 1212]"
16640,"[838, 928, 1405, 266, 48394, 4638, 1441, 1080, 2710, 1212]"
16669,"[3275, 3039, 1982, 420, 1682, 1188, 2527, 832, 1356, 1680]"
16681,"[151, 1356, 2918, 1188, 3275, 2890, 2706, 1610, 2167, 3471]"
16727,"[1267, 1197, 319, 1254, 2664, 3785, 151, 2405, 592, 4447]"
16894,"[1254, 2405, 2664, 1965, 515, 2355, 382, 1438, 671, 5]"
16905,"[1188, 3275, 420, 491, 1947, 2527, 2918, 832, 151, 3039]"
16928,"[2005, 1441, 2384, 3396, 838, 4638, 2273, 1356, 4011, 2485]"
16929,"[1957, 3785, 838, 928, 2167, 2, 6934, 1267, 3148, 1405]"
16963,"[420, 832, 1188, 1061, 491, 2527, 1947, 1957, 1682, 1028]"
16992,"[1954, 3826, 1608, 3745, 592, 5, 743, 3785, 485, 308]"
17020,"[551, 4447, 1061, 2420, 3148, 144, 1188, 2085, 3408, 1590]"
17032,"[3039, 420, 2527, 1188, 3275, 1680, 2245, 383, 1590, 5989]"
17092,"[1356, 3275, 420, 1188, 832, 2527, 3039, 2100, 1982, 1590]"
17196,"[5989, 2005, 2918, 1212, 1918, 2890, 1965, 1267, 1356, 383]"
17311,"[319, 2918, 1079, 1608, 33679, 788, 1380, 18, 1676, 1291]"
17354,"[2527, 1441, 383, 2245, 420, 1680, 2405, 2046, 3785, 34162]"
17438,"[3745, 5, 5872, 2664, 485, 743, 273, 1079, 954, 6377]"
17538,"[1267, 1356, 151, 5989, 1918, 2245, 2706, 383, 3275, 2273]"
17653,"[2664, 2707, 8636, 2371, 924, 4816, 920, 3087, 4019, 3363]"
17670,"[420, 1188, 2918, 1356, 2527, 1267, 2245, 832, 1441, 3275]"
17684,"[3301, 4034, 45722, 585, 3354, 6874, 2080, 8636, 6188, 364]"
17755,"[420, 1188, 2527, 832, 3039, 3275, 1590, 1356, 491, 2100]"
17772,"[1947, 1197, 551, 1380, 3471, 3275, 4878, 1610, 4447, 151]"
17797,"[2944, 3052, 6502, 3148, 30707, 420, 4447, 1061, 5377, 538]"
17835,"[6502, 203, 671, 2455, 1028, 3396, 1965, 382, 420, 994]"
17869,"[3275, 1356, 420, 2527, 1441, 1680, 2706, 1267, 383, 832]"
17909,"[420, 1947, 491, 832, 3039, 1028, 2944, 3275, 1590, 994]"
17922,"[2420, 319, 2405, 1947, 1267, 1380, 2890, 5, 748, 1188]"
17940,"[266, 1405, 954, 308, 3863, 3911, 1921, 6934, 3745, 1625]"
18015,"[1356, 838, 2100, 1590, 1267, 928, 1982, 2005, 420, 3039]"
18059,"[1061, 1590, 420, 1982, 3039, 1957, 3052, 832, 2193, 3148]"
18169,"[2167, 928, 4878, 1957, 2100, 3785, 1061, 838, 551, 1356]"
18227,"[3275, 1982, 420, 1267, 994, 2005, 1441, 2527, 48394, 4011]"
18278,"[1356, 3275, 2245, 1680, 383, 3039, 420, 2005, 34162, 1610]"
18327,"[308, 1405, 1500, 1921, 3785, 922, 1042, 933, 928, 4367]"
18353,"[1267, 2918, 1441, 1212, 151, 2890, 1356, 2245, 2405, 1188]"
18454,"[954, 1267, 1387, 6934, 1080, 2273, 1212, 3911, 1982, 1356]"
18613,"[4816, 1371, 1885, 1391, 1884, 4995, 1244, 329, 3105, 1748]"
18646,"[5, 3863, 8636, 39, 1405, 954, 1080, 44191, 266, 3396]"
18692,"[1267, 1212, 319, 1441, 2245, 2405, 1188, 151, 3148, 2167]"
18717,"[3893, 308, 1921, 2712, 2761, 376, 4367, 33493, 3863, 6934]"
18727,"[3893, 308, 933, 2712, 3087, 3863, 3826, 4367, 1921, 6934]"
18762,"[928, 376, 3893, 6934, 3911, 1276, 292, 933, 6377, 1591]"
18802,"[920, 1517, 3087, 2664, 2640, 1371, 1267, 4816, 1639, 1748]"
18870,"[6377, 3893, 3087, 4816, 1371, 933, 1748, 1639, 920, 2640]"
18941,"[3087, 4816, 3893, 1748, 8636, 1275, 933, 836, 6934, 308]"
18983,"[3893, 6377, 266, 920, 1405, 3911, 1517, 3863, 1296, 836]"
18987,"[6377, 3893, 1517, 3087, 3911, 266, 920, 836, 1197, 4816]"
19018,"[933, 1517, 3087, 1748, 2707, 308, 1907, 2640, 1275, 145]"
19111,"[3087, 1517, 2664, 592, 4816, 1748, 3911, 8636, 2761, 2640]"
19155,"[933, 928, 2012, 4963, 292, 1552, 145, 3785, 838, 151]"
19191,"[3893, 266, 1405, 838, 6934, 933, 308, 4367, 1921, 836]"
19280,"[3893, 933, 376, 6377, 266, 6934, 928, 48, 838, 5679]"
19284,"[3893, 933, 2640, 3087, 1371, 11, 928, 292, 5218, 2012]"
19379,"[266, 838, 1405, 4638, 2012, 1569, 4367, 376, 1391, 836]"
19545,"[3863, 3087, 4816, 836, 1591, 1275, 1748, 1405, 3911, 1884]"
19574,"[6377, 2707, 1517, 4816, 8636, 1639, 1748, 1371, 3893, 308]"
19587,"[920, 1267, 2355, 3087, 3409, 454, 1371, 3994, 4816, 1391]"
19635,"[3893, 1405, 3911, 3863, 2712, 1591, 836, 1884, 3826, 227]"
19640,"[6377, 1517, 3893, 920, 2761, 3911, 1292, 266, 3087, 836]"
19742,"[3911, 3893, 4638, 266, 1968, 6934, 1405, 1569, 592, 4367]"
19858,"[6377, 3893, 292, 376, 6934, 48, 2012, 145, 3087, 1358]"
19859,"[3087, 1968, 1517, 145, 2012, 6934, 292, 836, 48, 435]"
19948,"[319, 1197, 1371, 1267, 1676, 3105, 1441, 1254, 160, 2371]"
19957,"[933, 3893, 2012, 145, 292, 4638, 1441, 3087, 48, 2094]"
19982,"[954, 3745, 6934, 308, 376, 2707, 3911, 1405, 1274, 1591]"
20012,"[151, 1441, 1267, 2012, 1569, 3785, 928, 1968, 1356, 4446]"
20025,"[420, 1188, 1947, 832, 2527, 1590, 1061, 2167, 3275, 355]"
20097,"[151, 1197, 3785, 3893, 551, 928, 933, 3275, 1438, 1380]"
20196,"[1610, 2167, 151, 3785, 1188, 551, 1947, 880, 3471, 1380]"
20376,"[3275, 2527, 1188, 832, 420, 4878, 1061, 1680, 232, 745]"
20541,"[3893, 3785, 933, 151, 928, 5377, 1438, 898, 551, 11]"
20597,"[1197, 151, 318, 3275, 551, 3471, 1097, 5377, 1441, 2012]"
20722,"[318, 551, 2167, 4447, 1197, 1380, 5377, 1956, 1610, 1994]"
20797,"[933, 928, 922, 3476, 292, 4963, 48, 145, 371, 898]"
20812,"[34162, 383, 1028, 1982, 3039, 355, 6502, 5, 562, 475]"
20887,"[1356, 5989, 2918, 2005, 151, 1212, 4011, 1441, 2890, 2706]"
20918,"[266, 1405, 308, 1921, 1591, 376, 1302, 5459, 3863, 3893]"
21063,"[3785, 1957, 420, 6934, 832, 4963, 2167, 2527, 880, 838]"
21149,"[1356, 1982, 4310, 1267, 5989, 5, 1212, 1590, 2420, 2005]"
21164,"[2890, 1356, 1267, 5989, 1212, 2706, 3275, 2527, 420, 1680]"
21192,"[4447, 2085, 1380, 1061, 144, 2420, 673, 551, 2797, 1994]"
21199,"[382, 671, 3396, 3948, 2085, 2455, 585, 410, 3354, 538]"
21408,"[1982, 1267, 3148, 1590, 1356, 838, 2384, 994, 2245, 2944]"
21410,"[1438, 1380, 5377, 4447, 2871, 898, 3408, 3785, 3020, 1956]"
21672,"[2664, 6377, 3087, 1254, 592, 1097, 836, 899, 5377, 920]"
21688,"[1965, 1267, 6934, 5, 2707, 2664, 1274, 4963, 924, 3994]"
21896,"[2664, 1965, 2707, 6377, 3994, 1254, 165, 1676, 3745, 5]"
21955,"[1296, 266, 6934, 2640, 3893, 1405, 836, 4638, 1371, 3087]"
22037,"[3893, 266, 6377, 1405, 928, 933, 1569, 4638, 838, 920]"
22038,"[908, 1957, 2167, 922, 928, 551, 4878, 1610, 1590, 2]"
22543,"[6539, 1019, 8636, 3396, 2087, 1885, 6188, 2355, 361, 3948]"
22609,"[5989, 1047, 2005, 4848, 361, 41, 2485, 1263, 1277, 3396]"
22756,"[420, 3471, 2706, 3039, 1590, 1356, 2527, 3275, 1441, 2944]"
22764,"[1441, 1267, 1356, 5989, 2245, 838, 2005, 994, 4011, 3396]"
22842,"[1441, 3396, 5989, 3160, 1356, 1212, 1982, 2005, 173, 2640]"
22858,"[1405, 266, 838, 3911, 3555, 6934, 1276, 920, 1591, 928]"
22872,"[8636, 3396, 6188, 39, 1032, 6711, 5459, 920, 6947, 6934]"
22873,"[933, 928, 4963, 6934, 3893, 838, 292, 1441, 3275, 306]"
22897,"[420, 2527, 1188, 832, 6502, 1680, 383, 3275, 355, 1356]"
22899,"[5989, 420, 355, 2005, 2100, 2527, 1590, 1982, 832, 1188]"
22929,"[6377, 3911, 1276, 6934, 266, 3555, 3893, 836, 1405, 4638]"
23032,"[3893, 266, 1405, 1296, 1276, 933, 3911, 836, 4367, 376]"
23140,"[3396, 1267, 6188, 2485, 3160, 3354, 6934, 1982, 2384, 6539]"
23159,"[838, 928, 292, 4638, 4963, 6934, 1441, 933, 3911, 2094]"
23172,"[1441, 151, 928, 3785, 1569, 4963, 2012, 2664, 5989, 2640]"
23176,"[1982, 4011, 5989, 2944, 1080, 41, 2420, 2005, 1267, 2918]"
23228,"[1267, 1441, 1212, 1918, 2405, 1965, 4011, 319, 733, 2005]"
23250,"[1441, 928, 3471, 1356, 1267, 4963, 838, 1610, 151, 420]"
23269,"[2355, 2371, 1965, 6377, 899, 788, 1676, 5, 2232, 1345]"
23388,"[541, 1954, 1608, 3826, 2707, 5, 3745, 743, 3863, 2664]"
23437,"[1276, 3911, 308, 838, 6377, 266, 4638, 3893, 1405, 5459]"
23463,"[2664, 4447, 743, 160, 5, 19, 1676, 3863, 6874, 4019]"
23555,"[6934, 1405, 266, 1625, 954, 3911, 3863, 3745, 2664, 1387]"
23574,"[1405, 2, 2968, 4638, 928, 3893, 5459, 6934, 1391, 376]"
23581,"[838, 1276, 3555, 376, 3911, 292, 5459, 266, 4638, 1296]"
23582,"[1405, 3555, 6934, 838, 1296, 3911, 1591, 1276, 376, 5459]"
23646,"[954, 376, 308, 1921, 3911, 4963, 471, 3893, 3317, 1042]"
23655,"[1391, 6377, 1263, 2640, 5218, 2485, 292, 62, 1244, 5459]"
23668,"[1086, 95, 2371, 329, 34162, 2355, 5015, 4816, 5, 2707]"
23695,"[1438, 1965, 3745, 1042, 3020, 3785, 2420, 3476, 671, 2707]"
23733,"[1086, 2826, 2871, 95, 1028, 529, 34162, 5015, 2020, 2160]"
23799,"[2664, 1196, 743, 1608, 319, 8636, 3863, 19, 899, 160]"
23858,"[1918, 5, 41, 2087, 361, 1967, 733, 19, 18, 4310]"
23988,"[4816, 8636, 3105, 3087, 329, 454, 1884, 1441, 3504, 2355]"
24234,"[4638, 4816, 3087, 1748, 2640, 3911, 1517, 145, 292, 3527]"
24495,"[1748, 4638, 308, 1569, 145, 3510, 3893, 8636, 3087, 4816]"
24496,"[1676, 1244, 319, 8636, 2371, 2664, 1371, 3363, 1267, 3105]"
24517,"[933, 3893, 292, 376, 6934, 1391, 2640, 1276, 48, 5459]"
24607,"[6377, 2640, 2355, 920, 2664, 3087, 4816, 1267, 3994, 1371]"
24619,"[2871, 355, 589, 34162, 1086, 1188, 2890, 1028, 2527, 383]"
24695,"[1517, 920, 4816, 3087, 3826, 485, 247, 39, 3273, 280]"
24712,"[1885, 2455, 8636, 4816, 3527, 39, 1019, 2087, 1962, 2145]"
24715,"[2355, 1967, 18, 319, 2371, 454, 3087, 1918, 733, 8636]"
24774,"[2918, 1676, 2405, 319, 383, 1918, 562, 2355, 1079, 2890]"
25005,"[920, 6377, 1517, 2664, 1748, 3863, 266, 280, 1884, 3087]"
25007,"[1371, 2640, 1639, 2371, 3087, 3527, 306, 3105, 4816, 1884]"
25038,"[1965, 1918, 5989, 788, 1923, 4848, 562, 1441, 3798, 1267]"
25239,"[1885, 4816, 3527, 1371, 1884, 1748, 8636, 1517, 6377, 1244]"
25408,"[1019, 361, 6539, 1676, 8636, 2087, 2502, 3527, 3948, 329]"
25412,"[1954, 3826, 1608, 1198, 3745, 5, 592, 2707, 2664, 5872]"
25443,"[308, 3745, 266, 1405, 2707, 1569, 1921, 1276, 954, 247]"
25556,"[6377, 4963, 6934, 838, 376, 1391, 1263, 2640, 308, 1276]"
25597,"[920, 6377, 3527, 1371, 6188, 4816, 1885, 1729, 1296, 1589]"
25694,"[6377, 920, 2707, 376, 6934, 3863, 1296, 836, 3893, 3911]"
25882,"[4963, 4638, 3911, 6934, 838, 928, 1276, 1441, 1263, 1267]"
25887,"[8636, 4638, 2140, 1569, 412, 317, 280, 247, 39, 3911]"
26046,"[4638, 3911, 6377, 145, 4963, 933, 1276, 6934, 292, 928]"
26049,"[6377, 2664, 6934, 376, 3254, 1591, 48, 2640, 1296, 5377]"
26055,"[1918, 1212, 4011, 1267, 1441, 34162, 2005, 1965, 1967, 41]"
26116,"[6934, 3911, 838, 4638, 786, 3798, 4011, 1249, 5459, 5218]"
26127,"[3863, 1296, 3893, 836, 266, 1591, 6934, 3911, 308, 1242]"
26242,"[8636, 920, 2664, 6188, 3863, 2707, 5013, 924, 4019, 2371]"
26306,"[838, 34048, 1047, 928, 4963, 1020, 2599, 3148, 1271, 1956]"
26311,"[6934, 376, 920, 3911, 2640, 5459, 3893, 1276, 1591, 836]"
26348,"[3863, 920, 1639, 8636, 6377, 4816, 1517, 1884, 3087, 160]"
26623,"[5, 1212, 8636, 5989, 2664, 412, 1405, 2273, 1569, 2384]"
26674,"[4638, 145, 1748, 1517, 4361, 4816, 2012, 3087, 3510, 1569]"
26738,"[2664, 3087, 3527, 2640, 6188, 39, 4638, 1884, 1371, 2355]"
26742,"[1267, 2664, 1441, 3087, 151, 6377, 1569, 2012, 1254, 1097]"
27003,"[1517, 920, 8636, 1884, 4638, 836, 3863, 3256, 3168, 266]"
27088,"[3087, 2664, 3863, 1254, 1097, 3826, 1954, 1275, 4816, 2640]"
27138,"[671, 1965, 1, 3408, 515, 1438, 3785, 1676, 788, 3148]"
27164,"[3105, 1676, 306, 1244, 7373, 1019, 319, 2371, 3527, 1885]"
27221,"[2085, 1263, 41, 5377, 3148, 4963, 165, 4447, 585, 2640]"
27239,"[1676, 319, 1196, 1380, 4447, 2371, 2405, 2355, 158, 733]"
27258,"[1441, 145, 3798, 3087, 3504, 3174, 4816, 4638, 1748, 6377]"
27261,"[2485, 1441, 4638, 6188, 5218, 3527, 3555, 292, 6377, 412]"
27313,"[2371, 2826, 2707, 3994, 2020, 6377, 6934, 4816, 2160, 1028]"
27447,"[1625, 3994, 1277, 2273, 3798, 4848, 39, 786, 1047, 1080]"
27468,"[3087, 4816, 3893, 4638, 836, 1907, 308, 1589, 1296, 348]"
27584,"[3893, 6377, 1197, 592, 3785, 3911, 1968, 933, 6934, 2761]"
27637,"[1028, 355, 420, 2871, 1086, 3476, 2826, 1438, 2527, 4995]"
27681,"[928, 2, 1957, 922, 2167, 908, 1956, 4979, 292, 376]"
27685,"[4638, 1441, 145, 647, 3798, 1569, 7143, 933, 2094, 2640]"
27727,"[319, 1608, 2664, 5, 1380, 3826, 1676, 2355, 2405, 2080]"
27803,"[2005, 1918, 2470, 151, 383, 18, 788, 1967, 2642, 34162]"
27825,"[2640, 4638, 6934, 1625, 3798, 292, 2664, 786, 2485, 5459]"
27869,"[1405, 266, 308, 3911, 1569, 954, 5, 247, 1608, 2]"
27920,"[1254, 5377, 2664, 3087, 6377, 2371, 2640, 3785, 6934, 1200]"
27946,"[1197, 5377, 3785, 2167, 4447, 151, 2640, 11, 898, 1956]"
28024,"[3893, 1748, 4816, 933, 266, 145, 4638, 1907, 1405, 2987]"
28082,"[6377, 1517, 920, 3087, 4816, 3863, 2664, 8636, 2761, 1884]"
28105,"[5377, 585, 2420, 1254, 4447, 2085, 954, 748, 3745, 3354]"
28162,"[2012, 1441, 151, 1569, 3275, 2706, 145, 1968, 4446, 1049]"
28215,"[2664, 1254, 924, 2355, 2707, 162, 6377, 3363, 1676, 1965]"
28232,"[2871, 355, 34162, 1188, 2527, 1028, 383, 2890, 3039, 562]"
28665,"[2664, 6934, 2640, 1276, 376, 3893, 836, 48, 292, 1296]"
28788,"[838, 292, 928, 4638, 412, 3911, 933, 1569, 6934, 376]"
28832,"[1405, 266, 308, 4963, 6934, 376, 1921, 1591, 292, 3252]"
28855,"[1965, 3785, 671, 515, 788, 3408, 540, 3148, 1212, 1918]"
28895,"[319, 1676, 5989, 7373, 2080, 3160, 2664, 1441, 454, 1918]"
28940,"[1276, 4638, 838, 292, 266, 928, 3911, 1405, 412, 5218]"
29033,"[1957, 6934, 355, 4979, 2804, 420, 1894, 30707, 1263, 376]"
29042,"[1263, 145, 933, 4638, 1907, 3893, 647, 6934, 3087, 4816]"
29071,"[838, 6934, 2, 4963, 376, 4979, 3911, 5459, 1183, 928]"
29105,"[1356, 1212, 151, 1982, 317, 5989, 18, 4310, 4011, 3275]"
29202,"[1441, 1267, 5377, 1918, 2918, 2640, 1212, 1254, 1676, 151]"
29308,"[6377, 1441, 1371, 1267, 3087, 306, 920, 1296, 3527, 2371]"
29330,"[1267, 319, 1982, 317, 551, 1212, 673, 7373, 2384, 144]"
29442,"[1267, 3396, 1982, 1441, 2485, 2384, 6188, 838, 994, 1405]"
29500,"[1441, 1097, 1517, 3087, 1267, 6377, 2640, 266, 1371, 4816]"
29553,"[1441, 319, 2640, 2664, 5377, 1254, 1676, 2355, 1956, 4447]"
29621,"[319, 1267, 3471, 2918, 2944, 1441, 3052, 1188, 1982, 551]"
29643,"[1441, 2640, 3471, 1918, 1212, 173, 1676, 454, 319, 2424]"
29707,"[151, 48780, 1212, 3785, 3275, 2706, 1188, 1569, 1552, 34162]"
29801,"[838, 6934, 5459, 1276, 3555, 2968, 3317, 1405, 2599, 1391]"
29843,"[5459, 6934, 2485, 1263, 1625, 3948, 376, 410, 1183, 1391]"
29877,"[151, 1356, 2167, 1610, 3275, 928, 3785, 2100, 4878, 2706]"
29891,"[1267, 2918, 1212, 2527, 2890, 383, 1680, 2245, 1982, 420]"
29892,"[151, 1441, 1356, 2005, 1569, 1918, 2012, 1967, 3785, 3253]"
29942,"[151, 2890, 1267, 1212, 3275, 1441, 3785, 1680, 1356, 4446]"
29982,"[151, 1441, 1267, 2890, 1212, 1188, 2918, 2527, 3253, 1356]"
30075,"[1918, 3510, 48780, 3798, 529, 4963, 1212, 372, 1049, 3785]"
30142,"[151, 1267, 1212, 1441, 1356, 3785, 2890, 1569, 48780, 1610]"
30158,"[151, 3785, 1212, 2890, 2918, 48780, 1267, 1441, 4446, 1569]"
30167,"[1267, 2918, 319, 1188, 2405, 1947, 3275, 733, 1197, 1982]"
30272,"[5989, 2005, 4011, 2890, 420, 3039, 1188, 383, 2918, 1918]"
30275,"[908, 1957, 420, 928, 2167, 2804, 5377, 355, 1590, 838]"
30285,"[48394, 4011, 1356, 2005, 4310, 383, 1680, 1441, 1982, 1080]"
30320,"[1371, 4816, 30707, 3527, 3275, 5015, 2087, 5218, 6377, 5377]"
30500,"[2405, 2664, 1965, 5, 3354, 5377, 1608, 2371, 748, 3148]"
30613,"[1982, 838, 1249, 954, 1590, 6934, 2710, 2, 420, 355]"
30618,"[585, 3745, 2707, 1254, 2371, 1965, 2664, 924, 3988, 3254]"
30687,"[5989, 3785, 1212, 2005, 4011, 4963, 1965, 3148, 540, 2890]"
30723,"[2918, 2405, 2355, 6502, 2371, 1676, 1965, 562, 30707, 382]"
30827,"[2944, 1982, 2087, 1197, 3471, 4447, 2420, 3176, 6502, 420]"
30840,"[1356, 838, 5989, 928, 1267, 317, 1569, 1982, 4011, 2005]"
30846,"[1356, 1441, 928, 151, 3275, 838, 420, 1212, 1610, 2100]"
30864,"[1591, 954, 6934, 3911, 376, 1197, 3785, 5, 1302, 1405]"
30941,"[3275, 1267, 151, 1441, 2245, 420, 2527, 832, 2100, 928]"
30977,"[3785, 540, 928, 3148, 838, 4447, 4963, 3354, 3317, 5377]"
31175,"[382, 3745, 2707, 3863, 1254, 924, 585, 2664, 6711, 1275]"
31249,"[3396, 2384, 1267, 6188, 6539, 920, 4638, 2273, 994, 8636]"
31254,"[3396, 2455, 1028, 30707, 994, 2485, 671, 2424, 3148, 1267]"
31327,"[1356, 1188, 2527, 2918, 2890, 3275, 151, 420, 1680, 832]"
31468,"[420, 1188, 3039, 2527, 832, 491, 1947, 3052, 1028, 1061]"
31523,"[1356, 1267, 3275, 1441, 2245, 1212, 2918, 1982, 2706, 928]"
31579,"[1965, 5, 3354, 2420, 3745, 1387, 1274, 6934, 1267, 538]"
31804,"[1947, 2420, 2085, 4447, 1061, 3148, 1197, 5377, 3020, 3408]"
31854,"[420, 382, 671, 164, 3052, 203, 3039, 538, 1188, 1965]"
32001,"[1267, 5, 2918, 1212, 1291, 383, 5989, 34162, 1923, 3148]"
32035,"[1356, 1188, 3471, 420, 2706, 1441, 1267, 1982, 151, 1682]"
32046,"[420, 1188, 2527, 1982, 1682, 2918, 6502, 2245, 994, 383]"
32283,"[2706, 3275, 1188, 587, 420, 551, 151, 491, 1441, 1049]"
32294,"[3275, 1188, 2527, 1441, 3785, 420, 3253, 491, 2100, 2918]"
32329,"[1947, 491, 4878, 3275, 551, 1061, 1188, 1380, 1682, 151]"
32463,"[838, 1590, 1405, 6934, 3785, 1982, 266, 1302, 4963, 8798]"
32501,"[1982, 1061, 3275, 994, 1267, 1356, 3052, 3039, 1188, 4310]"
32538,"[1267, 2527, 954, 1212, 2890, 5, 151, 1188, 3039, 420]"
32545,"[1982, 1356, 838, 1267, 928, 2005, 3148, 317, 1590, 41]"
32577,"[1356, 5989, 1590, 3275, 1441, 2245, 420, 2005, 3039, 1212]"
32660,"[2918, 2890, 1918, 383, 1212, 1965, 2005, 1267, 151, 1441]"
32826,"[3396, 2384, 5989, 4310, 2273, 1982, 2005, 1212, 4011, 1080]"
32910,"[1267, 1212, 319, 383, 1356, 5989, 1188, 562, 1982, 18]"
32985,"[151, 1356, 383, 2527, 1680, 2167, 3275, 1610, 1967, 48780]"
32987,"[1267, 1356, 2527, 2245, 3039, 1212, 832, 1188, 420, 5989]"
33139,"[3275, 420, 832, 1356, 3039, 2100, 1680, 1982, 491, 1049]"
33217,"[34162, 1212, 4011, 48394, 2890, 1267, 48780, 1356, 1441, 928]"
33243,"[1957, 3785, 6934, 2420, 3408, 2085, 5377, 2167, 3020, 1042]"
33291,"[8636, 920, 3911, 5, 39, 2707, 1885, 1625, 1080, 1387]"
33349,"[4310, 1982, 3396, 2394, 745, 5, 1061, 2384, 361, 2944]"
33389,"[1591, 3863, 920, 2085, 6934, 1405, 6188, 266, 45722, 585]"
33399,"[954, 3354, 5, 3148, 538, 382, 585, 48516, 6934, 4447]"
33476,"[3785, 6934, 4963, 928, 954, 838, 3911, 376, 2, 3476]"
33477,"[420, 1188, 1061, 3471, 1682, 3275, 3039, 3052, 832, 491]"
33551,"[1267, 1982, 3052, 3148, 2245, 1061, 994, 1590, 3039, 3396]"
33577,"[5, 317, 1982, 319, 2384, 3354, 2355, 673, 1212, 4310]"
33700,"[1965, 671, 203, 3798, 1918, 62, 2424, 562, 420, 164]"
33766,"[3396, 6188, 2085, 2485, 3354, 3948, 6934, 2355, 3386, 8636]"
33784,"[4963, 838, 928, 6934, 3911, 4638, 933, 1405, 1569, 5218]"
33857,"[1267, 1212, 383, 319, 2405, 2890, 1441, 1356, 5989, 5]"
33880,"[838, 2, 376, 1957, 6934, 928, 3785, 922, 1405, 266]"
33905,"[1302, 838, 922, 1957, 371, 4979, 1405, 266, 8798, 1500]"
33986,"[954, 1267, 3354, 2020, 5, 3911, 1982, 376, 3148, 3176]"
33991,"[1267, 2918, 1356, 319, 151, 2405, 1982, 2420, 1569, 1441]"
34197,"[838, 928, 4638, 5989, 1267, 3911, 2005, 2, 1356, 4963]"
34207,"[34048, 1047, 5459, 376, 6934, 3911, 3396, 2, 4995, 1020]"
34324,"[1267, 5989, 838, 1212, 1356, 928, 3148, 2005, 1982, 3396]"
34329,"[1947, 1061, 2944, 1982, 2420, 1682, 420, 4310, 2087, 3471]"
34448,"[908, 1061, 3275, 838, 371, 4878, 1982, 1894, 1407, 1682]"
34666,"[2890, 2527, 1680, 1212, 48780, 3275, 1188, 151, 3039, 832]"
34718,"[8636, 6188, 3396, 2384, 5, 2355, 6539, 2273, 39, 4310]"
34770,"[6188, 4019, 3386, 920, 3354, 2371, 3176, 916, 329, 3396]"
34783,"[954, 3911, 1267, 920, 6934, 5, 266, 1405, 3396, 6188]"
34857,"[319, 5, 1608, 2355, 673, 2080, 2405, 1732, 18, 3108]"
35015,"[1957, 3148, 420, 1947, 1061, 3408, 671, 1590, 2085, 3020]"
35073,"[3039, 1188, 383, 1682, 4310, 1267, 1680, 2527, 1590, 2144]"
35168,"[838, 6934, 3911, 1982, 4638, 376, 1271, 5459, 3396, 2193]"
35223,"[3275, 1188, 1356, 832, 151, 1061, 420, 2527, 491, 1610]"
35321,"[1982, 2918, 4310, 5, 1356, 2273, 2245, 2405, 3039, 954]"
35411,"[151, 1188, 1356, 1267, 1212, 2527, 2706, 1441, 3275, 1610]"
35442,"[954, 1387, 1405, 266, 3863, 6934, 1302, 1274, 308, 5]"
35579,"[1590, 1356, 1061, 1982, 838, 2100, 5989, 2, 832, 908]"
35693,"[1356, 1590, 420, 1061, 3039, 3275, 832, 355, 4011, 1188]"
35779,"[1188, 2918, 2890, 3275, 151, 2527, 1680, 2706, 420, 491]"
35828,"[6934, 954, 1405, 266, 1591, 3354, 44191, 6188, 3863, 1296]"
35899,"[2664, 2355, 6188, 319, 3354, 1267, 3740, 1965, 3363, 4447]"
35973,"[954, 1302, 1591, 3863, 1405, 266, 6934, 1197, 2085, 44191]"
36098,"[3275, 4878, 1356, 1188, 2527, 1267, 491, 2245, 928, 1441]"
36119,"[4878, 3785, 151, 2167, 1552, 371, 3809, 3275, 2100, 5010]"
36207,"[1267, 1212, 2918, 2245, 1356, 2527, 1982, 3039, 2405, 420]"
36214,"[420, 1188, 3275, 491, 2527, 832, 1610, 2706, 1682, 3039]"
36294,"[954, 1387, 5, 1080, 3863, 266, 39, 3827, 4310, 3396]"
36351,"[420, 1188, 3039, 832, 3275, 491, 1680, 2245, 994, 3052]"
36442,"[420, 1188, 2527, 1680, 1682, 491, 2245, 6502, 355, 350]"
36518,"[319, 3354, 2355, 2664, 2080, 6188, 1676, 3386, 1608, 1267]"
36585,"[2455, 420, 994, 538, 3354, 1982, 6934, 382, 2424, 2355]"
36603,"[6377, 1517, 920, 3893, 1748, 266, 4816, 3911, 4638, 1292]"
36646,"[933, 6377, 376, 6934, 4367, 928, 292, 308, 1276, 4963]"
36666,"[1296, 6934, 3555, 6188, 2640, 2664, 4638, 836, 266, 5459]"
36679,"[1441, 4638, 1267, 2640, 3087, 6377, 2273, 6934, 647, 920]"
36740,"[5015, 3798, 1441, 2871, 2455, 1028, 30707, 355, 34162, 1479]"
36754,"[838, 3555, 292, 928, 6934, 376, 4638, 3911, 5459, 933]"
36771,"[1276, 6934, 5459, 292, 376, 4638, 3911, 928, 4367, 5218]"
36812,"[928, 1276, 4638, 3911, 2, 6934, 145, 2094, 1405, 3785]"
36827,"[838, 928, 3555, 1276, 376, 5459, 1183, 2, 1957, 2485]"
36968,"[838, 928, 1276, 2, 4638, 266, 1405, 933, 6934, 1569]"
37037,"[838, 1405, 928, 266, 3911, 1569, 412, 4638, 4963, 6934]"
37216,"[838, 928, 34048, 1183, 4963, 1894, 4638, 2005, 908, 6934]"
37364,"[838, 2, 4963, 4638, 3911, 6934, 261, 376, 4979, 1183]"
37412,"[1254, 2355, 899, 2405, 2161, 3087, 3363, 485, 5377, 348]"
37430,"[4447, 551, 151, 2797, 3408, 788, 2420, 3785, 3148, 1188]"
37442,"[1956, 3785, 2160, 538, 5377, 6934, 1020, 3476, 1438, 3020]"
37450,"[3471, 1371, 30707, 2371, 2871, 1254, 2087, 2424, 5377, 4447]"
37493,"[1267, 1918, 1356, 1212, 4011, 1263, 2706, 173, 5218, 2944]"
37568,"[1441, 1371, 1267, 1676, 3105, 5218, 306, 1263, 2371, 30707]"
37631,"[5989, 2890, 2005, 34162, 4011, 355, 1918, 383, 1441, 3039]"
37677,"[420, 3039, 2890, 2527, 1188, 5989, 1680, 355, 383, 1441]"
37689,"[420, 3039, 2527, 832, 1680, 2706, 2245, 383, 1590, 355]"
37720,"[1188, 2918, 3471, 1441, 318, 1267, 1947, 589, 420, 2405]"
37803,"[1188, 1947, 420, 551, 2020, 1028, 4447, 491, 562, 1438]"
37934,"[3275, 2527, 832, 1610, 491, 420, 1682, 1680, 1356, 2890]"
38115,"[1197, 6377, 319, 3826, 1254, 2640, 2355, 899, 1591, 160]"
38174,"[1188, 3275, 420, 2890, 491, 1441, 3039, 562, 151, 2706]"
38194,"[1188, 2527, 420, 3275, 2890, 491, 1680, 48780, 1610, 383]"
38225,"[1441, 2706, 3275, 2012, 1188, 587, 1356, 1049, 420, 30707]"
38234,"[933, 3893, 2012, 151, 3471, 292, 11, 306, 928, 1371]"
38258,"[4816, 3087, 1748, 1517, 1884, 2664, 2707, 3826, 592, 39]"
38316,"[1405, 266, 838, 6934, 928, 308, 1276, 3893, 1591, 376]"
38340,"[1212, 1918, 1267, 1965, 151, 2890, 1441, 540, 1569, 18]"
38388,"[1267, 2384, 838, 4638, 2273, 928, 1212, 2245, 1405, 1982]"
38410,"[34162, 745, 1022, 2455, 4638, 3969, 838, 1047, 355, 994]"
38413,"[151, 3785, 1188, 1380, 3408, 3148, 4447, 1267, 880, 420]"
38437,"[1610, 1188, 151, 420, 3275, 3785, 491, 1947, 318, 2167]"
38517,"[3039, 832, 2527, 1982, 420, 1356, 1267, 2245, 1682, 1188]"
38525,"[6377, 6934, 2707, 3745, 1254, 3863, 2640, 3254, 376, 2371]"
38527,"[1276, 838, 928, 4638, 266, 933, 3893, 1405, 376, 3555]"
38575,"[2664, 920, 6188, 2640, 1267, 6377, 8636, 1296, 160, 2355]"
38584,"[151, 3785, 2167, 1610, 2012, 551, 898, 3471, 1438, 1380]"
38616,"[151, 1610, 3785, 3893, 1197, 933, 2012, 1438, 1380, 898]"
38662,"[318, 1947, 551, 1438, 1380, 3893, 2804, 3101, 1061, 4878]"
38668,"[151, 1610, 2012, 3275, 928, 933, 5377, 1552, 1441, 880]"
38812,"[551, 2012, 1610, 928, 3275, 1441, 5377, 933, 1380, 1956]"
38862,"[3785, 151, 2890, 48780, 2405, 4446, 5, 1968, 2527, 3087]"
38928,"[3785, 3893, 928, 5377, 1968, 880, 2804, 1380, 1438, 898]"
39063,"[3785, 928, 6934, 1267, 1441, 5377, 4011, 3911, 1356, 1405]"
39069,"[151, 1212, 1267, 2890, 1918, 2405, 2167, 5989, 1356, 4011]"
39258,"[3745, 6934, 3785, 1965, 1267, 4963, 1274, 1212, 786, 2664]"
39294,"[671, 1965, 1254, 62, 4848, 2664, 2371, 1918, 410, 1263]"
39443,"[1188, 2871, 589, 2527, 562, 420, 3275, 383, 3039, 318]"
39620,"[151, 2890, 1212, 5989, 1441, 1967, 1267, 3253, 1356, 18]"
39896,"[2918, 3785, 5377, 151, 1212, 2405, 2167, 1441, 2420, 1610]"
39912,"[1061, 908, 1947, 371, 144, 318, 2427, 2167, 1957, 58]"
40003,"[1267, 2245, 1212, 2918, 1441, 3039, 994, 383, 1982, 1680]"
40084,"[3785, 2167, 420, 1957, 1610, 2420, 3020, 5377, 1947, 880]"
40166,"[1965, 420, 1188, 1918, 671, 562, 2424, 203, 3785, 2527]"
40319,"[2167, 3785, 898, 1438, 4447, 1610, 3020, 1956, 880, 1380]"
40350,"[2918, 540, 3785, 4447, 788, 2080, 2420, 151, 319, 3148]"
40456,"[1957, 671, 1956, 3785, 1394, 2424, 2167, 2085, 3408, 30707]"
40524,"[1957, 2167, 1956, 3148, 3785, 928, 4963, 551, 5377, 2085]"
40634,"[4963, 6934, 376, 48, 1267, 838, 292, 5377, 3745, 4367]"
40676,"[1267, 319, 920, 1371, 2640, 1639, 1441, 1591, 2664, 160]"
40751,"[2167, 551, 1380, 4447, 3408, 3785, 151, 2797, 3148, 1188]"
40837,"[2890, 1267, 383, 1680, 2405, 562, 3148, 151, 1918, 4310]"
40943,"[5377, 1267, 2420, 4447, 3148, 1441, 2167, 2405, 2640, 1380]"
40976,"[1639, 6377, 4816, 1884, 3863, 1517, 1371, 1197, 920, 3087]"
40987,"[151, 2167, 2890, 1188, 589, 551, 3785, 1610, 788, 1918]"
41027,"[2005, 4011, 34162, 1918, 1982, 1441, 1047, 2273, 48394, 355]"
41038,"[6539, 3396, 994, 4310, 1982, 2394, 1267, 2273, 2916, 2245]"
41084,"[1267, 18, 4016, 4447, 673, 2918, 1380, 1967, 1608, 33679]"
41130,"[6934, 3911, 838, 266, 4638, 1276, 1405, 376, 2, 928]"
41154,"[838, 928, 1405, 2, 266, 3911, 1957, 3785, 1356, 3893]"
41253,"[6934, 954, 585, 3254, 5459, 2707, 1921, 671, 4367, 382]"
41280,"[838, 355, 1894, 5989, 420, 2100, 2005, 48394, 1183, 4011]"
41391,"[420, 1188, 383, 34162, 562, 994, 3052, 1028, 3275, 265]"
41394,"[1267, 1212, 2005, 5989, 34162, 2384, 2273, 383, 3396, 1441]"
41443,"[319, 1267, 454, 1732, 1441, 1212, 1918, 2664, 1676, 2355]"
41517,"[3863, 6934, 266, 1405, 3911, 308, 954, 3745, 2707, 2664]"
41528,"[4447, 1380, 2080, 1591, 3176, 5377, 1267, 2085, 1956, 45722]"
41689,"[1267, 151, 3785, 928, 2167, 1197, 1356, 1610, 1441, 4963]"
41727,"[6377, 2664, 3087, 1254, 3863, 2707, 1275, 592, 2371, 3893]"
41827,"[420, 3785, 30707, 954, 1267, 671, 1028, 838, 355, 928]"
41854,"[1263, 1405, 292, 266, 928, 532, 1296, 3409, 1569, 838]"
41939,"[1197, 1061, 1267, 1591, 2085, 6934, 3148, 4447, 954, 3354]"
41956,"[838, 376, 5459, 933, 1391, 2, 1183, 3893, 922, 1020]"
41998,"[364, 7373, 3361, 919, 994, 538, 1019, 306, 3354, 1982]"
42067,"[1197, 1591, 1405, 266, 6934, 1296, 6377, 3893, 3555, 376]"
42154,"[420, 1188, 6502, 1947, 491, 3052, 3039, 1028, 1061, 2527]"
42236,"[838, 1405, 266, 1302, 2, 3911, 6934, 1591, 928, 954]"
42242,"[1590, 908, 144, 1982, 371, 1357, 2193, 832, 2100, 838]"
42378,"[838, 928, 4963, 4638, 3911, 5459, 2, 376, 292, 3555]"
42435,"[1356, 3039, 832, 2527, 2245, 1982, 3275, 1680, 420, 5989]"
42447,"[151, 1552, 3408, 371, 1569, 1380, 1438, 2012, 3087, 3809]"
42484,"[3785, 6934, 376, 838, 2, 48, 1276, 1957, 34048, 1921]"
42573,"[1441, 3087, 1097, 6377, 2640, 2664, 1517, 1254, 733, 1197]"
42723,"[6934, 1405, 266, 3785, 4367, 2, 1387, 1957, 3911, 928]"
42791,"[203, 515, 164, 4848, 3798, 786, 1918, 6502, 34162, 420]"
42816,"[1188, 420, 2527, 2918, 2890, 2245, 1441, 383, 1267, 3148]"
43015,"[1197, 5377, 3893, 743, 1254, 1591, 1405, 308, 2420, 2000]"
43281,"[1405, 266, 3396, 1080, 920, 6188, 6934, 1296, 3863, 2085]"
43356,"[151, 2890, 1267, 3785, 2918, 1356, 1610, 2527, 3253, 1441]"
43561,"[1947, 491, 1380, 3275, 1197, 1188, 1438, 3101, 551, 1682]"
43699,"[382, 2707, 3745, 5013, 585, 3386, 3176, 2371, 1100, 2664]"
43706,"[2, 954, 838, 308, 1302, 1405, 3893, 928, 3476, 4979]"
43726,"[933, 928, 3893, 292, 151, 4963, 838, 1441, 3785, 4361]"
43779,"[3275, 2706, 1441, 383, 420, 994, 2527, 1680, 2245, 5015]"
43991,"[2005, 1918, 2890, 34162, 1267, 2706, 1212, 562, 2245, 5015]"
43992,"[151, 3785, 1441, 5989, 3275, 1049, 2100, 1569, 2527, 420]"
44038,"[3785, 4963, 151, 928, 1441, 1212, 1267, 5989, 1569, 2890]"
44041,"[928, 838, 1441, 1356, 1267, 3785, 2005, 1212, 1569, 4848]"
44076,"[420, 1188, 1441, 2527, 3275, 994, 5015, 6502, 2245, 3039]"
44120,"[420, 1188, 3039, 6502, 383, 2890, 832, 994, 1680, 3275]"
44129,"[420, 1188, 6502, 994, 2527, 1682, 832, 3052, 383, 491]"
44140,"[420, 2527, 3785, 151, 2706, 3471, 2100, 880, 355, 928]"
44287,"[1188, 420, 1610, 151, 3471, 2527, 491, 2706, 2167, 1441]"
44330,"[420, 6502, 1188, 2871, 5015, 491, 587, 3471, 2455, 203]"
44361,"[908, 832, 838, 420, 928, 58, 3785, 2193, 1590, 371]"
44371,"[8636, 6188, 1267, 1885, 3396, 1405, 3911, 5, 4638, 1296]"
44555,"[319, 3275, 733, 151, 1380, 3826, 1356, 2890, 1212, 5]"
44696,"[420, 1188, 832, 2527, 491, 4878, 2100, 2193, 3039, 318]"
44705,"[319, 1441, 454, 1356, 2640, 1212, 2405, 2664, 2355, 1982]"
44786,"[1569, 412, 1212, 1267, 33679, 5989, 3510, 2005, 18, 317]"
44920,"[1441, 3785, 151, 1212, 1267, 2890, 928, 4963, 2527, 420]"
44945,"[3275, 2706, 151, 1356, 1188, 2527, 3253, 1049, 48780, 1680]"
44993,"[2918, 420, 671, 3148, 1188, 1965, 1028, 164, 2890, 3039]"
45045,"[420, 1061, 832, 491, 1188, 1947, 1957, 2527, 1590, 2193]"
45172,"[5989, 2918, 383, 2005, 4310, 1356, 34162, 4011, 1982, 1680]"
45443,"[838, 3911, 376, 6934, 4638, 2, 1276, 3785, 292, 3476]"
45473,"[671, 203, 6502, 538, 382, 164, 3702, 2020, 2355, 1019]"
45478,"[1267, 1212, 151, 1356, 928, 2664, 2012, 3510, 4011, 45]"
45634,"[151, 1441, 1267, 1212, 1918, 1569, 3785, 5989, 1356, 45]"
45883,"[1441, 1267, 151, 2640, 3087, 1212, 1918, 2664, 45, 529]"
45987,"[1267, 6934, 838, 1982, 3911, 2245, 832, 1441, 1356, 928]"
46033,"[3148, 3052, 1590, 420, 1267, 1982, 3039, 1188, 832, 1957]"
46068,"[3702, 1923, 5, 6539, 3354, 919, 2599, 1965, 364, 538]"
46071,"[2020, 1923, 5, 34162, 745, 3702, 546, 1982, 165, 36]"
46082,"[1061, 1957, 4878, 420, 832, 1947, 3148, 1590, 2167, 3785]"
46447,"[2085, 3354, 1982, 4310, 585, 5, 1061, 48516, 3386, 6934]"
46625,"[1957, 4878, 1061, 922, 2167, 1590, 1947, 1610, 3148, 420]"
46656,"[585, 3863, 954, 2085, 382, 6934, 3745, 1591, 2707, 3176]"
46667,"[319, 1267, 920, 5, 1197, 2355, 6188, 3354, 2664, 3386]"
46775,"[832, 420, 3039, 2527, 1590, 3275, 2100, 1188, 1356, 1061]"
46856,"[1441, 1197, 6934, 1405, 266, 1212, 3087, 2405, 2640, 151]"
46951,"[1188, 2918, 2527, 2890, 420, 3275, 3039, 151, 1680, 832]"
47040,"[1188, 151, 1356, 2890, 2527, 3039, 420, 1982, 48780, 2706]"
47046,"[1441, 151, 3785, 1918, 30707, 3087, 2405, 420, 1569, 45]"
47065,"[1441, 1267, 2405, 1097, 3275, 151, 3471, 3087, 2890, 1028]"
47068,"[420, 3471, 3275, 491, 2527, 2706, 587, 589, 3039, 2890]"
47213,"[1267, 5377, 3785, 2167, 2664, 4447, 1956, 2640, 45, 1441]"
47234,"[1441, 151, 2012, 1569, 2706, 2640, 928, 1356, 3275, 45]"
47345,"[1097, 151, 319, 2872, 2012, 1569, 3256, 3409, 592, 3275]"
47438,"[2, 838, 954, 3911, 8798, 928, 1957, 4878, 58, 1302]"
47448,"[420, 1188, 1028, 3039, 3052, 3148, 2871, 491, 1947, 589]"
47456,"[838, 2, 928, 1302, 3911, 1405, 266, 6934, 376, 2599]"
47579,"[151, 3275, 491, 1188, 551, 1552, 420, 2420, 1197, 928]"
47613,"[420, 1590, 1356, 1061, 832, 3039, 1188, 2245, 1682, 2527]"
47794,"[920, 1591, 45722, 5, 3354, 6188, 2355, 2707, 3386, 3176]"
47842,"[420, 2193, 6502, 3052, 1061, 1188, 832, 491, 3039, 2527]"
48145,"[1267, 1212, 1188, 3275, 1982, 151, 2405, 30707, 5377, 2706]"
48159,"[3386, 2355, 3176, 382, 1676, 2020, 2371, 3354, 2405, 216]"
48191,"[1188, 2527, 420, 832, 3275, 491, 1682, 3039, 1680, 2918]"
48201,"[420, 3052, 6502, 1061, 1188, 2527, 3148, 6539, 994, 1947]"
48211,"[1061, 1982, 3052, 1356, 2245, 3148, 420, 832, 2394, 4310]"
48242,"[2085, 1197, 1061, 319, 3052, 1982, 216, 2020, 45722, 1591]"
48265,"[6188, 45722, 2384, 319, 160, 1591, 3396, 7373, 3555, 1405]"
48288,"[1965, 1918, 562, 2871, 2890, 589, 2371, 529, 1212, 3798]"
48493,"[1188, 420, 589, 2918, 2527, 491, 318, 587, 2890, 3471]"
48538,"[1356, 1188, 151, 551, 3471, 2527, 420, 232, 1982, 3039]"
48618,"[1188, 1061, 420, 2944, 1982, 3275, 1356, 491, 4310, 1590]"
48657,"[2918, 3785, 515, 3408, 1965, 2405, 2420, 1254, 1438, 541]"
48672,"[4878, 832, 2100, 1061, 58, 371, 2, 908, 420, 1957]"
48709,"[1441, 1569, 3087, 3510, 3275, 1748, 4816, 3504, 151, 1267]"
48717,"[838, 928, 3555, 292, 1956, 376, 1267, 3911, 1994, 2]"
48725,"[5377, 3785, 2420, 2167, 151, 1441, 2640, 4447, 1610, 3020]"
48781,"[3826, 5, 1380, 592, 3087, 2405, 319, 3863, 2371, 22]"
48784,"[1982, 41, 355, 4963, 3476, 838, 3911, 2020, 165, 1080]"
48843,"[1212, 838, 5989, 832, 928, 2527, 2, 3785, 2245, 1982]"
48854,"[6934, 954, 2273, 5, 1212, 3396, 1387, 2664, 44191, 3087]"
48903,"[2664, 1965, 1254, 3785, 1608, 592, 924, 1212, 1267, 3745]"
48990,"[2664, 2355, 30707, 1254, 2640, 62, 671, 1441, 6934, 203]"
48996,"[671, 203, 2424, 1, 4848, 2485, 62, 1965, 6502, 1028]"
49009,"[1957, 6934, 3785, 420, 2804, 3476, 928, 376, 355, 2]"
49132,"[1356, 5989, 838, 1267, 2005, 928, 1441, 4011, 2100, 1982]"
49137,"[671, 30707, 1438, 5377, 2160, 6934, 3020, 1263, 410, 3798]"
49138,"[5989, 1356, 2005, 383, 1441, 1188, 151, 2527, 2245, 4011]"
49194,"[1356, 1267, 551, 5989, 1061, 144, 3148, 2167, 317, 318]"
49232,"[165, 919, 45722, 3354, 376, 2599, 2085, 1591, 2134, 3176]"
49447,"[1441, 2485, 5218, 4638, 2664, 4848, 62, 532, 292, 6934]"
49483,"[151, 1356, 5989, 3510, 4011, 2890, 2405, 2706, 4963, 1965]"
49531,"[832, 420, 4878, 2527, 2100, 3039, 1356, 1188, 2245, 1590]"
49590,"[5, 1267, 954, 2355, 8636, 6934, 6188, 1080, 1982, 1625]"
49759,"[1591, 1405, 266, 1296, 3555, 838, 2085, 1302, 1197, 1994]"
49763,"[1441, 6934, 2424, 4963, 3785, 2485, 62, 376, 4367, 34048]"
49961,"[1267, 1212, 1441, 383, 1356, 1982, 2405, 562, 1680, 1965]"
49990,"[671, 3148, 3408, 2160, 1438, 538, 6934, 1028, 34048, 3354]"
50008,"[1441, 1267, 1212, 1569, 3798, 4361, 928, 3275, 3174, 4638]"
50041,"[1441, 1267, 1212, 3087, 151, 3275, 4446, 2664, 592, 1569]"
50160,"[1441, 1212, 151, 3087, 1569, 2273, 4638, 2664, 592, 3911]"
50167,"[1267, 1441, 2664, 3087, 151, 592, 2355, 2273, 2012, 1569]"
50216,"[1441, 3087, 2640, 2273, 1918, 2012, 1569, 1967, 3510, 899]"
50235,"[1188, 420, 491, 3275, 2527, 1682, 832, 6502, 3039, 3471]"
50265,"[45722, 2020, 919, 2728, 3176, 3386, 52, 3354, 538, 349]"
50383,"[2664, 1965, 2405, 2918, 3785, 899, 1196, 2420, 1608, 1918]"
50389,"[1441, 2405, 2355, 1918, 2273, 733, 3087, 1965, 2890, 319]"
50535,"[2918, 1441, 2890, 2405, 1188, 151, 383, 2245, 1680, 3275]"
50543,"[5377, 3087, 3785, 2371, 2405, 1438, 1097, 1267, 2420, 592]"
50702,"[1441, 1267, 1212, 2890, 151, 2005, 1918, 1307, 2245, 1356]"
50786,"[920, 45722, 3354, 3386, 2707, 1591, 924, 5, 165, 2002]"
50893,"[3826, 1380, 319, 1608, 541, 1197, 2664, 4447, 5, 1954]"
50958,"[1356, 1267, 3275, 2245, 832, 420, 1061, 1188, 1982, 2100]"
51033,"[5459, 2369, 3911, 4638, 1405, 3396, 6934, 8636, 6188, 1296]"
51043,"[1267, 5989, 6539, 2384, 383, 34162, 4310, 4011, 1982, 1918]"
51057,"[2918, 1188, 420, 562, 2890, 164, 3039, 383, 6502, 2581]"
51063,"[1965, 1441, 4848, 3798, 1212, 671, 1267, 164, 30707, 562]"
51071,"[3148, 3408, 954, 5, 1267, 165, 2085, 2355, 4447, 1965]"
51100,"[6934, 954, 838, 2, 3911, 1405, 266, 3745, 928, 376]"
51206,"[838, 6934, 928, 4963, 2, 3893, 3911, 1405, 266, 376]"
51256,"[319, 1982, 2405, 2020, 1212, 3052, 1188, 1356, 5, 562]"
51296,"[2890, 2527, 1680, 1267, 2918, 1212, 48780, 383, 3275, 1188]"
51510,"[420, 1188, 1918, 3785, 3020, 3408, 3052, 2527, 5377, 1590]"
51673,"[4848, 4963, 3798, 4638, 145, 6934, 928, 1441, 292, 222]"
51718,"[838, 2, 928, 6934, 4638, 4963, 5459, 376, 1183, 292]"
51778,"[1267, 928, 1356, 5989, 4011, 1212, 6934, 4638, 4963, 2485]"
51954,"[1267, 1441, 4638, 1625, 786, 6934, 3911, 1212, 4963, 1263]"
51955,"[838, 5989, 4963, 6934, 34048, 4638, 3911, 2005, 4011, 1441]"
52004,"[1356, 1267, 1441, 5989, 2245, 420, 1212, 2005, 3275, 2527]"
52012,"[585, 1212, 5377, 2664, 2080, 5989, 540, 4963, 1263, 1965]"
52072,"[3275, 1188, 2527, 1680, 1267, 2245, 383, 1356, 3039, 1441]"
52129,"[1947, 954, 5, 1197, 1438, 3087, 2020, 3826, 1380, 592]"
52165,"[838, 1982, 420, 3052, 6539, 3039, 5989, 1894, 1590, 1061]"
52306,"[376, 928, 34048, 2, 1957, 4638, 1956, 1267, 2599, 908]"
52328,"[920, 45722, 1591, 3354, 1197, 3555, 376, 216, 2002, 2085]"
52502,"[1441, 2664, 6188, 920, 6377, 3555, 4638, 292, 62, 2485]"
52539,"[6188, 3354, 3396, 6539, 2424, 3160, 3052, 538, 3148, 2485]"
52547,"[3785, 5, 1212, 2918, 1267, 954, 2405, 592, 151, 1965]"
52644,"[920, 1267, 838, 1405, 1591, 1197, 1296, 3555, 6934, 376]"
52653,"[671, 62, 2424, 1965, 1394, 2485, 410, 203, 2664, 3254]"
52724,"[1610, 3785, 4878, 2100, 2167, 928, 151, 908, 1957, 420]"
52828,"[2005, 4638, 34048, 1047, 3911, 2, 3396, 412, 2599, 4011]"
52983,"[671, 382, 420, 6502, 3148, 164, 538, 1438, 3052, 1957]"
53201,"[420, 382, 164, 3617, 832, 1947, 671, 1188, 2527, 491]"
53315,"[1957, 3785, 838, 420, 6934, 2100, 4963, 2167, 1271, 2]"
53354,"[5989, 1441, 2005, 1356, 2890, 4011, 2245, 34162, 2527, 2706]"
53389,"[1061, 1356, 832, 420, 4878, 3275, 1590, 1682, 1982, 1188]"
53406,"[6947, 994, 1267, 4310, 3752, 5989, 2273, 1387, 2245, 6502]"
53425,"[2918, 3785, 2420, 3408, 5377, 2167, 3148, 3020, 2405, 1947]"
53499,"[1061, 1188, 420, 491, 1982, 2918, 6502, 3039, 832, 1590]"
53649,"[383, 34162, 562, 994, 2527, 546, 3052, 745, 2245, 538]"
53729,"[1061, 1982, 3052, 3148, 1590, 4310, 144, 2085, 2394, 1302]"
53826,"[994, 6539, 1267, 3396, 6188, 6502, 3052, 2394, 2273, 2384]"
53838,"[1267, 2918, 383, 562, 2890, 2405, 2355, 34162, 2245, 319]"
53847,"[832, 2527, 420, 3039, 1267, 3148, 2245, 1188, 6502, 164]"
53974,"[376, 5459, 6934, 954, 1591, 6188, 1921, 2369, 3396, 838]"
54315,"[1356, 1212, 1188, 151, 2527, 383, 562, 420, 350, 866]"
54346,"[3798, 4848, 1183, 628, 786, 2826, 2485, 5459, 410, 145]"
54364,"[6934, 5459, 786, 376, 4367, 4638, 3745, 838, 954, 1183]"
54463,"[1267, 1296, 2485, 2664, 4638, 1441, 6934, 3911, 836, 5459]"
54654,"[1441, 6934, 2640, 292, 4638, 4963, 2094, 62, 838, 376]"
54767,"[3396, 1267, 2384, 2273, 2485, 1080, 838, 4638, 4310, 1405]"
54903,"[3785, 1438, 898, 3408, 2664, 1254, 48, 6934, 3254, 880]"
54922,"[2, 928, 6934, 1267, 1982, 266, 4638, 8798, 376, 1590]"
55005,"[1188, 420, 1061, 994, 6502, 6539, 1947, 491, 2471, 1590]"
55033,"[838, 1267, 928, 6934, 3911, 3555, 1405, 266, 4638, 376]"
55046,"[203, 1965, 3798, 62, 671, 5015, 4848, 2424, 2871, 30707]"
55192,"[920, 6188, 8636, 6934, 3863, 2664, 5459, 1591, 2707, 924]"
55280,"[420, 2527, 318, 589, 491, 2871, 562, 3039, 3052, 3275]"
55433,"[5989, 1267, 928, 838, 1441, 1212, 4963, 2424, 4848, 3785]"
55840,"[420, 1957, 2527, 3039, 1188, 3148, 832, 3785, 164, 1028]"
55856,"[1441, 1267, 4963, 928, 1212, 1263, 6934, 5377, 1569, 6377]"
55901,"[319, 6188, 1676, 454, 2664, 2013, 3354, 585, 1982, 160]"
56091,"[954, 376, 3354, 6934, 2355, 924, 3176, 1591, 2707, 920]"
56215,"[420, 1188, 2527, 4878, 832, 491, 2100, 3039, 551, 151]"
56311,"[1267, 1441, 2640, 2424, 1956, 3396, 1097, 2085, 1263, 3471]"
56320,"[6377, 3911, 6934, 4638, 836, 6188, 3087, 1296, 376, 8636]"
56334,"[420, 2245, 3039, 1356, 4878, 1188, 3911, 5989, 3275, 1982]"
56347,"[6934, 1957, 4963, 3785, 30707, 671, 4848, 1263, 34048, 786]"
56463,"[383, 1918, 1441, 34162, 1188, 1680, 1967, 1356, 4011, 3275]"
56535,"[1267, 6188, 920, 3396, 3052, 3176, 6539, 3386, 2355, 3160]"
56702,"[203, 1965, 671, 4848, 3798, 5015, 62, 2424, 2871, 628]"
56707,"[2005, 1212, 2890, 383, 420, 832, 3275, 994, 1356, 3253]"
56794,"[45722, 3176, 3386, 1591, 1994, 3354, 2085, 216, 3555, 319]"
56861,"[745, 2527, 3039, 232, 1682, 994, 6807, 1188, 1894, 420]"
56915,"[1254, 5377, 1676, 2664, 2371, 4447, 671, 1394, 1438, 2640]"
56956,"[994, 832, 2916, 1188, 2527, 2245, 1061, 1028, 491, 2471]"
56997,"[2527, 832, 1267, 3275, 1188, 2245, 420, 1680, 1982, 1212]"
57018,"[1267, 3785, 1212, 2918, 2527, 5, 954, 2355, 832, 592]"
57022,"[1965, 62, 2371, 671, 3798, 1254, 3785, 1441, 3087, 203]"
57123,"[3863, 8636, 2664, 6188, 6377, 1296, 2355, 39, 1591, 2371]"
57126,"[2918, 2890, 1212, 383, 1356, 1441, 5989, 151, 2005, 1188]"
57313,"[1267, 383, 2890, 2245, 2527, 562, 34162, 1441, 1188, 3039]"
57481,"[1267, 1441, 1212, 5989, 2664, 1965, 151, 454, 1569, 1356]"
57603,"[2664, 1965, 1196, 1918, 454, 899, 2405, 2355, 1254, 3087]"
57612,"[1441, 1267, 1212, 151, 2890, 1918, 1356, 562, 1188, 2245]"
57618,"[832, 2527, 420, 1188, 3039, 1682, 491, 3275, 4878, 2245]"
57660,"[1918, 2405, 1212, 383, 515, 1676, 1267, 1291, 2420, 1254]"
57664,"[3785, 151, 2167, 2405, 2527, 3148, 540, 1291, 2046, 5]"
57696,"[3785, 5, 592, 2355, 1608, 2664, 3745, 3476, 165, 1954]"
57784,"[6502, 994, 420, 3052, 2527, 6539, 832, 1188, 383, 1682]"
57811,"[2527, 420, 3039, 832, 3275, 1188, 2100, 2245, 1356, 1682]"
58049,"[1267, 838, 5989, 928, 1982, 1441, 2245, 2005, 3275, 2384]"
58087,"[420, 832, 6502, 3052, 491, 1061, 164, 3617, 562, 2471]"
58357,"[2527, 1188, 1267, 2020, 2890, 420, 383, 3148, 2405, 1212]"
58544,"[832, 1590, 3052, 1188, 2527, 1982, 3148, 491, 1357, 232]"
58576,"[2424, 420, 1267, 3052, 1441, 6502, 2245, 6539, 1188, 994]"
58655,"[2245, 1356, 3275, 3039, 832, 2527, 1188, 420, 1982, 1061]"
58691,"[1441, 1356, 2245, 151, 5989, 3785, 2527, 2005, 3275, 2273]"
58859,"[1356, 319, 1441, 2245, 1061, 1405, 6188, 2405, 928, 317]"
59092,"[6502, 164, 2355, 1965, 203, 2405, 562, 671, 2664, 2371]"
59144,"[6934, 376, 1921, 3911, 2, 1591, 266, 1405, 5459, 836]"
59163,"[376, 6934, 3911, 5459, 838, 1591, 920, 2959, 1296, 3354]"
59269,"[2707, 6934, 671, 1921, 3354, 3254, 1438, 273, 1275, 3785]"
59326,"[832, 420, 2100, 2527, 4878, 3039, 908, 1894, 838, 1957]"
59362,"[420, 2527, 2245, 6539, 3052, 1267, 1188, 2424, 2193, 1061]"
59477,"[6188, 920, 45722, 306, 364, 52, 7373, 1371, 6539, 3361]"
59525,"[838, 376, 2, 928, 3911, 1276, 922, 292, 3476, 1909]"
59598,"[1957, 838, 1061, 3148, 2100, 2, 832, 908, 1267, 1271]"
59655,"[3785, 3408, 1947, 832, 420, 1188, 2167, 4878, 3148, 954]"
59659,"[2527, 420, 1188, 1267, 832, 2245, 2167, 1610, 3785, 491]"
59752,"[2355, 5, 2527, 562, 34162, 2245, 2405, 165, 3354, 383]"
59766,"[5, 2707, 1608, 165, 3745, 2355, 95, 273, 1923, 45722]"
59873,"[2424, 1965, 203, 671, 1441, 562, 34048, 2485, 30707, 2871]"
59874,"[6539, 3702, 538, 3354, 34162, 3578, 919, 4901, 3740, 1965]"
59934,"[838, 376, 2, 922, 928, 371, 34048, 1957, 1271, 58]"
59942,"[491, 1188, 2527, 1947, 1380, 832, 880, 1297, 420, 3785]"
59970,"[832, 420, 2527, 1061, 2193, 1188, 1267, 1590, 491, 1357]"
60100,"[838, 1957, 2, 4638, 2100, 928, 832, 1271, 5989, 6934]"
60101,"[1267, 6539, 838, 3911, 4638, 994, 2527, 2245, 832, 3039]"
60365,"[4878, 3785, 832, 2100, 420, 2527, 151, 1188, 880, 491]"
60466,"[2355, 165, 2707, 2664, 3745, 376, 3994, 3702, 6377, 5]"
60549,"[920, 6188, 5459, 376, 3396, 2369, 919, 6934, 838, 4638]"
60615,"[34162, 1441, 1212, 1267, 562, 1965, 203, 2527, 164, 3798]"
60713,"[319, 1676, 2918, 2355, 2664, 2405, 1380, 1267, 4447, 1254]"
60978,"[3148, 1267, 4447, 1918, 2424, 1212, 3408, 2797, 562, 5377]"
60999,"[1267, 2245, 994, 1188, 1441, 1356, 6539, 1061, 3039, 420]"
61042,"[1267, 2245, 34162, 1212, 6539, 2005, 5989, 994, 3039, 383]"
61053,"[920, 6188, 45722, 2728, 8636, 3354, 2020, 52, 5, 329]"
61070,"[6539, 1267, 994, 6188, 3396, 2245, 2384, 3052, 2424, 3578]"
61334,"[376, 1957, 3785, 838, 2, 6934, 3911, 3476, 1271, 58]"
61488,"[6539, 6188, 2384, 2424, 2485, 1019, 3160, 1732, 2005, 3578]"
61514,"[1188, 2527, 3275, 491, 151, 420, 832, 48780, 1610, 2918]"
61603,"[2527, 832, 1267, 4878, 3785, 420, 3039, 2100, 2245, 1212]"
61632,"[3476, 2403, 1923, 165, 2527, 2167, 371, 3408, 3785, 95]"
61635,"[1197, 1591, 376, 922, 45722, 1994, 4447, 1357, 920, 371]"
61637,"[420, 2527, 3039, 4878, 1188, 2245, 3275, 994, 491, 232]"
61805,"[1267, 3785, 420, 2527, 1441, 928, 2245, 1957, 6934, 2100]"
61824,"[2527, 832, 383, 1188, 1680, 420, 34162, 1682, 6539, 745]"
61837,"[376, 3911, 838, 928, 4367, 1276, 3893, 5459, 4638, 836]"
61840,"[2527, 832, 1212, 2918, 2890, 2245, 3785, 420, 4878, 1680]"
61880,"[832, 2527, 1682, 420, 3039, 1061, 994, 3275, 2245, 491]"
62146,"[1267, 319, 2355, 1212, 6188, 317, 2384, 928, 1732, 1591]"
62245,"[1267, 1212, 2918, 2890, 1188, 3785, 562, 1356, 383, 1680]"
62332,"[3785, 1957, 880, 3408, 1610, 376, 832, 58, 6934, 420]"
62349,"[1965, 671, 3785, 2918, 3408, 3148, 788, 3354, 2581, 2405]"
62456,"[3275, 420, 1682, 491, 1356, 383, 1441, 350, 3253, 34162]"
62619,"[920, 6188, 2355, 2664, 3386, 3176, 1591, 45722, 1267, 1296]"
62774,"[1212, 2527, 1441, 2245, 3785, 1356, 562, 420, 2890, 3275]"
62850,"[2527, 420, 164, 1188, 6502, 2916, 491, 1680, 994, 383]"
62880,"[420, 832, 1061, 2527, 3039, 6502, 491, 994, 2471, 1957]"
62897,"[1267, 920, 1197, 1357, 1222, 2020, 45722, 1061, 319, 1244]"
63015,"[164, 671, 3354, 562, 1965, 1267, 382, 2581, 6502, 2527]"
63070,"[6539, 994, 2245, 3396, 2384, 6188, 2916, 4638, 838, 1212]"
63134,"[3354, 671, 538, 165, 562, 3617, 382, 3785, 2424, 2581]"
63243,"[6188, 45722, 8636, 319, 1885, 2355, 2384, 1296, 1244, 1591]"
63269,"[1441, 1267, 4638, 1212, 2012, 2028, 34162, 562, 2664, 2245]"
63396,"[1267, 838, 2245, 1212, 2005, 928, 1356, 2384, 4638, 2527]"
63545,"[6188, 920, 2020, 52, 3386, 306, 319, 3105, 3354, 2728]"
63612,"[2403, 3476, 3785, 4878, 2527, 95, 1297, 344, 1923, 2020]"
63637,"[3785, 4878, 3476, 1267, 2527, 2403, 880, 58, 928, 5816]"
63696,"[1267, 2005, 1212, 2245, 4638, 2527, 838, 3039, 2384, 994]"
63871,"[6539, 4878, 34162, 3969, 2355, 5, 2719, 3354, 538, 3911]"
63905,"[45722, 1223, 1923, 1608, 1909, 194, 1591, 924, 344, 2080]"
64240,"[1267, 6539, 1061, 6188, 3052, 3396, 3354, 1357, 920, 2193]"
64340,"[6188, 2355, 924, 3386, 3176, 3354, 2664, 376, 382, 165]"
64358,"[1923, 95, 165, 344, 2020, 2403, 788, 1297, 3476, 2355]"
64411,"[838, 4638, 376, 34048, 1271, 2193, 70, 292, 1894, 2]"
64472,"[34162, 994, 1267, 4638, 2245, 2273, 2384, 3969, 6188, 1212]"
64588,"[920, 376, 1591, 6934, 836, 266, 1296, 5679, 838, 308]"
64621,"[838, 920, 376, 3911, 4638, 1296, 5459, 6934, 2968, 3396]"
64642,"[6934, 2640, 1263, 6377, 4963, 1441, 2664, 1267, 5218, 3087]"
64661,"[2527, 832, 4878, 2245, 34162, 745, 2100, 420, 6539, 994]"
64737,"[2527, 1267, 2167, 4878, 3785, 2046, 1923, 1188, 34162, 344]"
64878,"[1267, 1061, 994, 2245, 6539, 832, 2916, 2527, 920, 1357]"
65081,"[3785, 1957, 838, 2167, 928, 3476, 4878, 376, 1271, 58]"
65123,"[3785, 562, 2020, 2403, 1188, 164, 1297, 2096, 880, 3476]"
65145,"[1921, 3911, 6934, 5459, 1591, 836, 1271, 5816, 5679, 165]"
65293,"[1267, 2527, 2245, 1212, 34162, 3039, 383, 562, 1188, 1680]"
65308,"[1267, 920, 6188, 6539, 994, 3911, 4638, 2384, 3396, 2355]"
65407,"[2527, 1267, 34162, 6539, 2403, 2245, 832, 1252, 3039, 1212]"
65436,"[2527, 4878, 2020, 2355, 1357, 745, 994, 2916, 4638, 5816]"
65692,"[2527, 1267, 832, 1680, 420, 3275, 383, 151, 48780, 1441]"
65851,"[1267, 994, 4638, 2245, 2424, 6188, 3911, 838, 34162, 34048]"
65900,"[2527, 420, 1188, 6502, 3039, 562, 2245, 832, 164, 2424]"
65923,"[2527, 832, 420, 1188, 2020, 1267, 1061, 3052, 2193, 3039]"
66167,"[1608, 3826, 1380, 45722, 319, 2664, 2231, 344, 2232, 2728]"
66183,"[2245, 6539, 3052, 2527, 2424, 2916, 1061, 232, 832, 2384]"
66188,"[6188, 920, 1267, 2355, 165, 376, 45722, 34048, 2664, 364]"
66209,"[920, 6188, 3176, 45722, 3386, 2355, 2002, 1371, 306, 3361]"
66220,"[1267, 1380, 3052, 4447, 306, 551, 2871, 2167, 2278, 6539]"
66228,"[3785, 2167, 2527, 880, 151, 3476, 2403, 1188, 720, 928]"
66384,"[2527, 2245, 34162, 1680, 2890, 832, 562, 1441, 383, 3785]"
66543,"[920, 6188, 2355, 376, 45722, 924, 1296, 6377, 1267, 3176]"
66544,"[6188, 1267, 376, 3555, 2355, 1296, 836, 2424, 6934, 1956]"
66654,"[1923, 95, 2403, 1297, 165, 562, 2739, 3702, 2527, 2871]"
66669,"[6188, 920, 1267, 6539, 994, 2424, 2355, 4638, 306, 2020]"
66788,"[1267, 920, 3911, 4638, 2424, 6188, 2245, 838, 562, 4878]"
66892,"[376, 1197, 3911, 3785, 6934, 836, 5816, 3476, 1591, 5679]"
67012,"[920, 376, 1222, 6188, 364, 306, 292, 1391, 3911, 1517]"
67026,"[920, 2728, 8636, 2662, 1060, 1885, 329, 1517, 1222, 1385]"
67031,"[164, 671, 203, 420, 2916, 2193, 2424, 2527, 3361, 3039]"
67085,"[376, 3785, 3476, 838, 2, 1921, 48, 1267, 928, 58]"
67110,"[2020, 2278, 2739, 2355, 3702, 2916, 2581, 164, 2403, 32587]"
67123,"[2527, 832, 1267, 3039, 383, 2245, 1188, 1680, 2916, 2403]"
67363,"[2527, 832, 420, 1188, 4878, 3039, 491, 2193, 2245, 1682]"
67385,"[2403, 95, 344, 165, 3476, 562, 376, 2012, 3785, 2719]"
67386,"[2527, 832, 1267, 2245, 34162, 3039, 4878, 1212, 562, 420]"
67427,"[2355, 2020, 319, 920, 45722, 3176, 3386, 3354, 2664, 306]"
67509,"[1267, 2527, 2245, 1212, 383, 34162, 562, 1441, 1680, 1188]"
67542,"[2527, 1923, 1267, 2739, 165, 2020, 3785, 1297, 95, 788]"
67634,"[376, 6377, 2355, 45722, 165, 1296, 2664, 364, 306, 1371]"
67813,"[2664, 1267, 2355, 1212, 1965, 788, 924, 562, 3994, 34048]"
67976,"[2355, 3617, 2020, 2393, 164, 382, 920, 376, 1252, 252]"
67994,"[920, 4638, 6188, 838, 3555, 3911, 376, 1267, 1276, 364]"
68200,"[2355, 2020, 920, 6539, 6188, 562, 2728, 349, 1019, 1923]"
68259,"[2527, 34162, 832, 6539, 866, 546, 1967, 4878, 2046, 3275]"
68305,"[376, 34048, 2403, 165, 3476, 1923, 4878, 344, 5816, 3785]"
68319,"[4638, 2355, 4361, 34162, 2664, 6188, 6377, 412, 1732, 48]"
68371,"[6188, 920, 364, 306, 1267, 1296, 52, 1371, 1244, 2369]"
68743,"[920, 1252, 6188, 3702, 1923, 1267, 344, 329, 2020, 2664]"
68798,"[34162, 2527, 2245, 6539, 562, 4638, 3969, 383, 2403, 1967]"
68807,"[1923, 165, 2355, 344, 2020, 1267, 6539, 3702, 6188, 788]"
68899,"[1923, 95, 344, 3702, 34162, 2728, 2739, 2020, 165, 2313]"
68959,"[6539, 1267, 2527, 745, 34162, 2144, 6807, 3052, 383, 2020]"
69073,"[45722, 6188, 2355, 165, 376, 52, 1923, 3176, 2002, 1449]"
69108,"[1267, 2355, 2664, 562, 1212, 2405, 3702, 34162, 383, 1252]"
69135,"[6188, 6539, 562, 1923, 165, 52, 349, 364, 3105, 1019]"
69266,"[2527, 1267, 2245, 34162, 994, 745, 383, 3039, 832, 6539]"
69324,"[2403, 2527, 344, 3785, 3476, 1267, 34162, 562, 165, 4878]"
69456,"[344, 3785, 2403, 1297, 4878, 95, 318, 720, 3476, 5816]"
69504,"[2424, 2871, 203, 1923, 562, 1019, 671, 34048, 924, 6365]"
69550,"[6188, 920, 376, 165, 2355, 34048, 924, 1267, 296, 1923]"
69576,"[920, 6188, 1267, 376, 2355, 3555, 1956, 2664, 1296, 2424]"
69714,"[2527, 3702, 2403, 344, 2393, 592, 1297, 95, 2688, 5816]"
69757,"[1267, 2527, 2245, 1212, 562, 383, 1680, 832, 745, 6539]"
69768,"[1267, 1252, 2527, 34162, 2403, 920, 1212, 2245, 2916, 344]"
69866,"[376, 34048, 6188, 165, 920, 1923, 3354, 2137, 2355, 2728]"
69923,"[6188, 1267, 994, 2355, 34162, 4638, 745, 562, 3969, 3911]"
70006,"[2355, 2020, 2664, 562, 1923, 3702, 165, 788, 920, 6188]"
70072,"[920, 6188, 376, 924, 6377, 2355, 296, 2664, 836, 4638]"
70116,"[1923, 344, 95, 2739, 2355, 2020, 562, 2527, 165, 3702]"
70229,"[376, 34048, 4638, 3911, 1267, 920, 1923, 838, 3476, 1276]"
70244,"[4638, 376, 6188, 34048, 95, 4018, 222, 344, 4361, 838]"
70284,"[376, 920, 4638, 6188, 34048, 3911, 1276, 5459, 838, 4018]"
70325,"[2355, 2739, 2020, 2403, 344, 562, 165, 1923, 2527, 1267]"
70331,"[2728, 6188, 3702, 4901, 1060, 1019, 1267, 2020, 3105, 1967]"
70347,"[364, 34048, 4638, 6188, 376, 1222, 920, 919, 1304, 597]"
70362,"[34162, 2527, 1923, 344, 2403, 1967, 383, 2245, 3702, 95]"
70743,"[1252, 1267, 2527, 832, 2916, 2245, 2355, 34162, 164, 1212]"
70905,"[2355, 34162, 344, 2739, 2728, 2527, 95, 2403, 6539, 2688]"
70967,"[2245, 920, 562, 2527, 1212, 994, 34162, 6188, 1517, 3275]"
70974,"[164, 2527, 3617, 6502, 994, 2424, 562, 203, 2245, 2455]"
71048,"[2355, 3617, 164, 203, 252, 2424, 2688, 562, 6188, 924]"
71055,"[344, 2403, 3785, 2527, 1267, 2739, 720, 95, 562, 592]"
71146,"[2527, 3785, 344, 4878, 2012, 2046, 95, 48780, 1552, 880]"
71156,"[920, 562, 2020, 2527, 6188, 2739, 1732, 34162, 6539, 2245]"
71190,"[3702, 349, 34162, 2728, 2403, 1073, 344, 2355, 364, 1267]"
71217,"[2527, 34162, 1267, 2403, 1212, 2245, 2739, 383, 2355, 1680]"
71267,"[376, 6188, 920, 34048, 165, 1923, 296, 344, 2355, 364]"
71281,"[6188, 3361, 52, 364, 920, 3105, 2728, 994, 306, 2355]"
71368,"[6188, 1267, 1732, 2355, 1223, 1073, 52, 1060, 34048, 2664]"
71372,"[6188, 6539, 364, 920, 52, 1019, 2728, 4638, 34162, 4901]"
71400,"[6188, 364, 1923, 52, 1267, 165, 349, 344, 1732, 1222]"
71420,"[34162, 1923, 364, 1267, 344, 6188, 2403, 562, 745, 3969]"
71443,"[1267, 34162, 2355, 920, 1923, 344, 1212, 6188, 4638, 3702]"
71509,"[34162, 745, 6539, 349, 383, 4901, 1923, 364, 2527, 1967]"
